00:33:33,26.6,1005.8,1520,852,15808,12.8797,80.081,LOW,0
00:33:34,26.6,1005.8,1520,852,15808,12.8797,80.081,LOW,0
00:33:35,26.6,1005.8,1520,852,15808,12.8797,80.081,LOW,0
00:33:36,26.6,1005.8,1520,852,15808,12.8797,80.081,LOW,0
00:33:37,26.6,1005.8,1520,852,15808,12.8797,80.081,LOW,0
00:33:38,26.6,1005.8,1520,852,15808,12.8797,80.081,LOW,0
00:33:39,26.6,1005.8,1520,852,15808,12.8797,80.081,LOW,0
00:33:40,26.6,1005.8,1520,852,15808,12.8797,80.081,LOW,0
00:33:41,26.6,1005.8,1520,852,15808,12.8797,80.081,LOW,0
00:33:42,26.6,1005.8,1520,852,15808,12.8797,80.081,LOW,0
00:33:43,26.6,1005.8,1520,852,15808,12.8797,80.081,LOW,0
00:33:44,26.6,1005.8,1520,852,15808,12.8797,80.081,LOW,0
00:33:45,26.6,1005.8,1520,852,15808,12.8797,80.081,LOW,0
00:33:46,26.6,1005.9,1476,840,16400,12.8797,80.081,LOW,0
00:33:47,26.6,1005.9,1476,840,16400,12.8797,80.081,LOW,0
00:33:48,26.6,1005.9,1476,840,16400,12.8797,80.081,LOW,0
00:33:50,26.6,1005.9,1476,840,16400,12.8797,80.081,LOW,0
00:33:51,26.6,1005.9,1476,840,16400,12.8797,80.081,LOW,0
00:33:52,26.6,1005.9,1476,840,16400,12.8797,80.081,LOW,0
00:33:53,26.6,1005.9,1476,840,16400,12.8797,80.081,LOW,0
00:33:54,26.6,1005.9,1476,840,16400,12.8797,80.081,LOW,0
00:33:55,26.6,1005.9,1476,840,16400,12.8797,80.081,LOW,0
00:33:56,26.6,1005.9,1476,840,16400,12.8797,80.081,LOW,0
00:33:57,26.6,1005.9,1476,840,16400,12.8797,80.081,LOW,0
00:33:58,26.6,1005.9,1476,840,16400,12.8797,80.081,LOW,0
00:33:59,26.6,1005.9,1476,840,16400,12.8797,80.081,LOW,0
00:34:00,26.6,1005.8,1444,908,16372,12.8797,80.081,LOW,0
00:34:01,26.6,1005.8,1444,908,16372,12.8797,80.081,LOW,0
00:34:02,26.6,1005.8,1444,908,16372,12.8797,80.081,LOW,0
00:34:03,26.6,1005.8,1444,908,16372,12.8797,80.081,LOW,0
00:34:04,26.6,1005.8,1444,908,16372,12.8797,80.081,LOW,0
00:34:05,26.6,1005.8,1444,908,16372,12.8797,80.081,LOW,0
00:34:06,26.6,1005.8,1444,908,16372,12.8797,80.081,LOW,0
00:34:07,26.6,1005.8,1444,908,16372,12.8797,80.081,LOW,0
00:34:08,26.6,1005.8,1444,908,16372,12.8797,80.081,LOW,0
00:34:09,26.6,1005.8,1444,908,16372,12.8797,80.081,LOW,0
00:34:10,26.6,1005.8,1444,908,16372,12.8797,80.081,LOW,0
00:34:11,26.6,1005.8,1444,908,16372,12.8797,80.081,LOW,0
00:34:12,26.6,1005.8,1444,908,16372,12.8797,80.081,LOW,0
00:34:13,26.6,1005.9,1512,908,16440,12.8797,80.081,LOW,0
00:34:14,26.6,1005.9,1512,908,16440,12.8797,80.081,LOW,0
00:34:15,26.6,1005.9,1512,908,16440,12.8797,80.081,LOW,0
00:34:16,26.6,1005.9,1512,908,16440,12.8797,80.081,LOW,0
00:34:17,26.6,1005.9,1512,908,16440,12.8797,80.081,LOW,0
00:34:18,26.6,1005.9,1512,908,16440,12.8797,80.081,LOW,0
00:34:19,26.6,1005.9,1512,908,16440,12.8797,80.081,LOW,0
00:34:20,26.6,1005.9,1512,908,16440,12.8797,80.081,LOW,0
00:34:22,26.6,1005.9,1512,908,16440,12.8797,80.081,LOW,0
00:34:23,26.6,1005.9,1512,908,16440,12.8797,80.081,LOW,0
00:34:24,26.6,1005.9,1512,908,16440,12.8797,80.081,LOW,0
00:34:25,26.6,1005.9,1512,908,16440,12.8797,80.081,LOW,0
00:34:26,26.6,1005.9,1512,908,16440,12.8797,80.081,LOW,0
00:34:27,26.6,1005.8,1508,928,16452,12.8797,80.081,LOW,0
00:34:28,26.6,1005.8,1508,928,16452,12.8797,80.081,LOW,0
00:34:29,26.6,1005.8,1508,928,16452,12.8797,80.081,LOW,0
00:34:30,26.6,1005.8,1508,928,16452,12.8797,80.081,LOW,0
00:34:31,26.6,1005.8,1508,928,16452,12.8797,80.081,LOW,0
00:34:32,26.6,1005.8,1508,928,16452,12.8797,80.081,LOW,0
00:34:33,26.6,1005.8,1508,928,16452,12.8797,80.081,LOW,0
00:34:34,26.6,1005.8,1508,928,16452,12.8797,80.081,LOW,0
00:34:35,26.6,1005.8,1508,928,16452,12.8797,80.081,LOW,0
00:34:36,26.6,1005.8,1508,928,16452,12.8797,80.081,LOW,0
00:34:37,26.6,1005.8,1508,928,16452,12.8797,80.081,LOW,0
00:34:38,26.6,1005.8,1508,928,16452,12.8797,80.081,LOW,0
00:34:39,26.6,1005.8,1508,928,16452,12.8797,80.081,LOW,0
00:34:40,26.6,1005.8,1452,824,16380,12.8797,80.081,LOW,0
00:34:41,26.6,1005.8,1452,824,16380,12.8797,80.081,LOW,0
00:34:42,26.6,1005.8,1452,824,16380,12.8797,80.081,LOW,0
00:34:43,26.6,1005.8,1452,824,16380,12.8797,80.081,LOW,0
00:34:44,26.6,1005.8,1452,824,16380,12.8797,80.081,LOW,0
00:34:45,26.6,1005.8,1452,824,16380,12.8797,80.081,LOW,0
00:34:46,26.6,1005.8,1452,824,16380,12.8797,80.081,LOW,0
00:34:47,26.6,1005.8,1452,824,16380,12.8797,80.081,LOW,0
00:47:58,26.8,1005.6,256,156,16416,12.8797,80.081,LOW,0
00:47:59,26.8,1005.6,256,156,16416,12.8797,80.081,LOW,0
00:48:00,26.8,1005.6,256,156,16416,12.8797,80.081,LOW,0
00:48:01,26.8,1005.6,256,156,16416,12.8797,80.081,LOW,0
00:48:02,26.8,1005.6,296,76,16488,12.8797,80.081,LOW,0
00:48:03,26.8,1005.6,296,76,16488,12.8797,80.081,LOW,0
00:48:04,26.8,1005.6,296,76,16488,12.8797,80.081,LOW,0
00:48:05,26.8,1005.6,296,76,16488,12.8797,80.081,LOW,0
00:48:06,26.8,1005.6,228,88,16392,12.8797,80.081,LOW,0
00:48:07,26.8,1005.6,228,88,16392,12.8797,80.081,LOW,0
00:48:08,26.8,1005.6,228,88,16392,12.8797,80.081,LOW,0
00:48:09,26.8,1005.6,228,88,16392,12.8797,80.081,LOW,0
00:48:10,26.8,1005.6,244,100,16468,12.8797,80.081,LOW,0
00:48:11,26.8,1005.6,244,100,16468,12.8797,80.081,LOW,0
00:48:12,26.8,1005.6,244,100,16468,12.8797,80.081,LOW,0
00:48:13,26.8,1005.6,244,100,16468,12.8797,80.081,LOW,0
00:48:14,26.8,1005.6,340,116,16376,12.8797,80.081,LOW,0
00:48:15,26.8,1005.6,340,116,16376,12.8797,80.081,LOW,0
00:48:16,26.8,1005.6,340,116,16376,12.8797,80.081,LOW,0
00:48:17,26.8,1005.6,340,116,16376,12.8797,80.081,LOW,0
00:48:18,26.8,1005.6,-1672,2676,17000,12.8797,80.081,LOW,0
00:48:19,26.8,1005.6,-1672,2676,17000,12.8797,80.081,LOW,0
00:48:20,26.8,1005.6,-1672,2676,17000,12.8797,80.081,LOW,0
00:48:21,26.8,1005.6,-1672,2676,17000,12.8797,80.081,LOW,0
00:48:22,26.8,1005.6,-3656,1364,13976,12.8797,80.081,LOW,0
00:48:23,26.8,1005.6,-3656,1364,13976,12.8797,80.081,LOW,0
00:48:24,26.8,1005.6,-3656,1364,13976,12.8797,80.081,LOW,0
00:48:26,26.8,1005.6,-3656,1364,13976,12.8797,80.081,LOW,0
00:48:27,26.8,1005.6,-848,-80,19572,12.8797,80.081,LOW,0
00:48:28,26.8,1005.6,-848,-80,19572,12.8797,80.081,MEDIUM,0
00:48:29,26.8,1005.6,-848,-80,19572,12.8797,80.081,MEDIUM,0
00:48:30,26.8,1005.6,-848,-80,19572,12.8797,80.081,MEDIUM,0
00:48:31,26.8,1005.6,-3700,-2808,20364,12.8797,80.081,MEDIUM,0
00:48:32,26.8,1005.6,-3700,-2808,20364,12.8797,80.081,LOW,0
00:48:33,26.8,1005.6,-3700,-2808,20364,12.8797,80.081,LOW,0
00:48:34,26.8,1005.6,-3700,-2808,20364,12.8797,80.081,LOW,0
00:48:35,26.8,1005.6,-492,580,15128,12.8797,80.081,LOW,0
00:48:36,26.8,1005.6,-492,580,15128,12.8797,80.081,MEDIUM,0
00:48:37,26.8,1005.6,-492,580,15128,12.8797,80.081,MEDIUM,0
00:48:38,26.8,1005.6,-492,580,15128,12.8797,80.081,MEDIUM,0
00:48:39,26.8,1005.6,1428,232,16364,12.8797,80.081,MEDIUM,0
00:48:40,26.8,1005.6,1428,232,16364,12.8797,80.081,LOW,0
00:48:41,26.8,1005.6,1428,232,16364,12.8797,80.081,LOW,0
00:48:42,26.8,1005.6,1428,232,16364,12.8797,80.081,LOW,0
00:48:43,26.8,1005.6,1508,244,16360,12.8797,80.081,LOW,0
00:48:44,26.8,1005.6,1508,244,16360,12.8797,80.081,LOW,0
00:48:45,26.8,1005.6,1508,244,16360,12.8797,80.081,LOW,0
00:48:46,26.8,1005.6,1508,244,16360,12.8797,80.081,LOW,0
00:48:47,26.8,1005.6,1524,220,16232,12.8797,80.081,LOW,0
00:48:48,26.8,1005.6,1524,220,16232,12.8797,80.081,LOW,0
00:48:49,26.8,1005.6,1524,220,16232,12.8797,80.081,LOW,0
00:48:50,26.8,1005.6,1524,220,16232,12.8797,80.081,LOW,0
00:48:51,26.8,1005.6,1516,192,16336,12.8797,80.081,LOW,0
00:48:52,26.8,1005.6,1516,192,16336,12.8797,80.081,LOW,0
00:48:53,26.8,1005.6,1516,192,16336,12.8797,80.081,LOW,0
00:48:54,26.8,1005.6,1516,192,16336,12.8797,80.081,LOW,0
00:48:55,26.8,1005.6,1536,232,16392,12.8797,80.081,LOW,0
00:48:56,26.8,1005.6,1536,232,16392,12.8797,80.081,LOW,0
00:48:57,26.8,1005.6,1536,232,16392,12.8797,80.081,LOW,0
00:48:58,26.8,1005.6,1536,232,16392,12.8797,80.081,LOW,0
00:48:59,26.8,1005.6,1512,156,16340,12.8797,80.081,LOW,0
07:40:28,27.6,1006.6,652,652,16384,12.8797,80.081,LOW,0
07:40:29,27.6,1006.6,652,652,16384,12.8797,80.081,LOW,0
07:40:30,27.6,1006.6,652,652,16384,12.8797,80.081,LOW,0
07:40:31,27.6,1006.6,652,652,16384,12.8797,80.081,LOW,0
07:40:32,27.6,1006.6,588,644,16584,12.8797,80.081,LOW,0
07:40:33,27.6,1006.6,588,644,16584,12.8797,80.081,LOW,0
07:40:34,27.6,1006.6,588,644,16584,12.8797,80.081,LOW,0
07:40:35,27.6,1006.6,588,644,16584,12.8797,80.081,LOW,0
07:40:36,27.6,1006.6,560,648,16488,12.8797,80.081,LOW,0
07:40:37,27.6,1006.6,560,648,16488,12.8797,80.081,LOW,0
07:40:38,27.6,1006.6,560,648,16488,12.8797,80.081,LOW,0
07:40:39,27.6,1006.6,560,648,16488,12.8797,80.081,LOW,0
07:40:40,27.6,1006.6,532,608,16448,12.8797,80.081,LOW,0
07:40:41,27.6,1006.6,532,608,16448,12.8797,80.081,LOW,0
07:40:42,27.6,1006.6,532,608,16448,12.8797,80.081,LOW,0
07:40:43,27.6,1006.6,532,608,16448,12.8797,80.081,LOW,0
07:40:44,27.6,1006.6,612,652,16424,12.8797,80.081,LOW,0
07:40:45,27.6,1006.6,612,652,16424,12.8797,80.081,LOW,0
07:40:46,27.6,1006.6,612,652,16424,12.8797,80.081,LOW,0
07:40:47,27.6,1006.6,612,652,16424,12.8797,80.081,LOW,0
07:40:48,27.6,1006.6,636,640,16528,12.8797,80.081,LOW,0
07:40:49,27.6,1006.6,636,640,16528,12.8797,80.081,LOW,0
07:40:50,27.6,1006.6,636,640,16528,12.8797,80.081,LOW,0
07:40:51,27.6,1006.6,636,640,16528,12.8797,80.081,LOW,0
07:40:52,27.7,1006.6,568,628,16552,12.8797,80.081,LOW,0
07:40:53,27.7,1006.6,568,628,16552,12.8797,80.081,LOW,0
07:40:54,27.7,1006.6,568,628,16552,12.8797,80.081,LOW,0
07:40:55,27.7,1006.6,568,628,16552,12.8797,80.081,LOW,0
07:40:56,27.7,1006.6,592,636,16508,12.8797,80.081,LOW,0
07:40:57,27.7,1006.6,592,636,16508,12.8797,80.081,LOW,0
07:40:58,27.7,1006.6,592,636,16508,12.8797,80.081,LOW,0
07:40:59,27.7,1006.6,592,636,16508,12.8797,80.081,LOW,0
07:41:00,27.7,1006.6,560,664,16496,12.8797,80.081,LOW,0
07:41:01,27.7,1006.6,560,664,16496,12.8797,80.081,LOW,0
07:41:02,27.7,1006.6,560,664,16496,12.8797,80.081,LOW,0
07:41:03,27.7,1006.6,560,664,16496,12.8797,80.081,LOW,0
07:41:04,27.7,1006.6,584,600,16568,12.8797,80.081,LOW,0
07:41:05,27.7,1006.6,584,600,16568,12.8797,80.081,LOW,0
07:41:06,27.7,1006.6,584,600,16568,12.8797,80.081,LOW,0
07:41:07,27.7,1006.6,584,600,16568,12.8797,80.081,LOW,0
07:41:08,27.7,1006.6,536,632,16488,12.8797,80.081,LOW,0
07:41:09,27.7,1006.6,536,632,16488,12.8797,80.081,LOW,0
07:41:10,27.7,1006.6,536,632,16488,12.8797,80.081,LOW,0
07:41:11,27.7,1006.6,536,632,16488,12.8797,80.081,LOW,0
07:41:12,27.7,1006.6,572,648,16564,12.8797,80.081,LOW,0
07:41:13,27.7,1006.6,572,648,16564,12.8797,80.081,LOW,0
07:41:14,27.7,1006.6,572,648,16564,12.8797,80.081,LOW,0
07:41:15,27.7,1006.6,572,648,16564,12.8797,80.081,LOW,0
07:41:16,27.7,1006.6,580,612,16448,12.8797,80.081,LOW,0
07:41:17,27.7,1006.6,580,612,16448,12.8797,80.081,LOW,0
07:41:18,27.7,1006.6,580,612,16448,12.8797,80.081,LOW,0
07:41:19,27.7,1006.6,580,612,16448,12.8797,80.081,LOW,0
07:41:20,27.7,1006.5,-608,-228,17036,12.8797,80.081,LOW,0
07:41:21,27.7,1006.5,-608,-228,17036,12.8797,80.081,LOW,0
07:41:22,27.7,1006.5,-608,-228,17036,12.8797,80.081,LOW,0
07:41:23,27.7,1006.5,-608,-228,17036,12.8797,80.081,LOW,0
07:41:24,27.7,1006.5,-1876,-2560,-68,12.8797,80.081,LOW,0
07:41:25,27.7,1006.5,-1876,-2560,-68,12.8797,80.081,HIGH,0
07:41:26,27.7,1006.5,-1876,-2560,-68,12.8797,80.081,HIGH,0
07:41:28,27.7,1006.5,-1876,-2560,-68,12.8797,80.081,HIGH,0
07:41:29,27.7,1006.5,-448,-1472,16400,12.8797,80.081,HIGH,0
07:41:30,27.7,1006.5,-448,-1472,16400,12.8797,80.081,HIGH,0
07:41:31,27.7,1006.5,-448,-1472,16400,12.8797,80.081,HIGH,0
07:41:32,27.7,1006.5,-448,-1472,16400,12.8797,80.081,HIGH,0
07:41:33,27.7,1006.5,-280,-500,16548,12.8797,80.081,HIGH,0
07:41:34,27.7,1006.5,-280,-500,16548,12.8797,80.081,LOW,0
07:41:35,27.7,1006.5,-280,-500,16548,12.8797,80.081,LOW,0
07:41:36,27.7,1006.5,-280,-500,16548,12.8797,80.081,LOW,0
07:41:37,27.7,1006.5,-68,-720,16488,12.8797,80.081,LOW,0
07:41:38,27.7,1006.5,-68,-720,16488,12.8797,80.081,LOW,0
07:41:39,27.7,1006.5,-68,-720,16488,12.8797,80.081,LOW,0
07:41:40,27.7,1006.5,-68,-720,16488,12.8797,80.081,LOW,0
07:41:41,27.7,1006.5,36,-544,16576,12.8797,80.081,LOW,0
07:41:42,27.7,1006.5,36,-544,16576,12.8797,80.081,LOW,0
07:41:43,27.7,1006.5,36,-544,16576,12.8797,80.081,LOW,0
07:41:44,27.7,1006.5,36,-544,16576,12.8797,80.081,LOW,0
07:41:45,27.7,1006.5,512,-652,16452,12.8797,80.081,LOW,0
07:41:46,27.7,1006.5,512,-652,16452,12.8797,80.081,LOW,0
07:41:47,27.7,1006.5,512,-652,16452,12.8797,80.081,LOW,0
07:41:48,27.7,1006.5,512,-652,16452,12.8797,80.081,LOW,0
07:41:49,27.7,1006.6,620,-1308,16256,12.8797,80.081,LOW,0
07:41:50,27.7,1006.6,620,-1308,16256,12.8797,80.081,LOW,0
07:41:51,27.7,1006.6,620,-1308,16256,12.8797,80.081,LOW,0
07:41:52,27.7,1006.6,620,-1308,16256,12.8797,80.081,LOW,0
07:41:53,27.7,1006.5,1884,436,16936,12.8797,80.081,LOW,0
07:41:54,27.7,1006.5,1884,436,16936,12.8797,80.081,LOW,0
07:41:55,27.7,1006.5,1884,436,16936,12.8797,80.081,LOW,0
07:41:56,27.7,1006.5,1884,436,16936,12.8797,80.081,LOW,0
07:41:57,27.7,1006.6,652,-188,16548,12.8797,80.081,LOW,0
07:41:58,27.7,1006.6,652,-188,16548,12.8797,80.081,LOW,0
07:41:59,27.7,1006.6,652,-188,16548,12.8797,80.081,LOW,0
07:42:00,27.7,1006.6,652,-188,16548,12.8797,80.081,LOW,0
07:42:01,27.7,1006.6,556,-148,16508,12.8797,80.081,LOW,0
07:42:02,27.7,1006.6,556,-148,16508,12.8797,80.081,LOW,0
07:42:03,27.7,1006.6,556,-148,16508,12.8797,80.081,LOW,0
07:42:04,27.7,1006.6,556,-148,16508,12.8797,80.081,LOW,0
07:42:05,27.7,1006.6,632,-128,16432,12.8797,80.081,LOW,0
07:42:06,27.7,1006.6,632,-128,16432,12.8797,80.081,LOW,0
07:42:07,27.7,1006.6,632,-128,16432,12.8797,80.081,LOW,0
07:42:08,27.7,1006.6,632,-128,16432,12.8797,80.081,LOW,0
07:42:09,27.7,1006.5,592,-252,16536,12.8797,80.081,LOW,0
07:42:10,27.7,1006.5,592,-252,16536,12.8797,80.081,LOW,0
07:42:11,27.7,1006.5,592,-252,16536,12.8797,80.081,LOW,0
07:42:12,27.7,1006.5,592,-252,16536,12.8797,80.081,LOW,0
07:42:13,27.7,1006.5,2000,-1512,19468,12.8797,80.081,LOW,0
07:42:14,27.7,1006.5,2000,-1512,19468,12.8797,80.081,LOW,0
07:42:15,27.7,1006.5,2000,-1512,19468,12.8797,80.081,LOW,0
07:42:16,27.7,1006.5,2000,-1512,19468,12.8797,80.081,LOW,0
07:42:17,27.7,1006.6,16928,2768,-3864,12.8797,80.081,LOW,0
07:42:18,27.7,1006.6,16928,2768,-3864,12.8797,80.081,LOW,0
07:42:19,27.7,1006.6,16928,2768,-3864,12.8797,80.081,LOW,0
07:42:20,27.7,1006.6,16928,2768,-3864,12.8797,80.081,LOW,0
07:42:21,27.7,1006.6,15380,4216,-5360,12.8797,80.081,LOW,0
07:42:22,27.7,1006.6,15380,4216,-5360,12.8797,80.081,LOW,0
07:42:23,27.7,1006.6,15380,4216,-5360,12.8797,80.081,LOW,0
07:42:24,27.7,1006.6,15380,4216,-5360,12.8797,80.081,LOW,0
07:42:25,27.7,1006.6,-7300,1580,15048,12.8797,80.081,LOW,0
07:42:26,27.7,1006.6,-7300,1580,15048,12.8797,80.081,LOW,0
07:42:27,27.7,1006.6,-7300,1580,15048,12.8797,80.081,LOW,0
07:42:28,27.7,1006.6,-7300,1580,15048,12.8797,80.081,LOW,0
07:42:29,27.7,1006.5,1172,-2504,15740,12.8797,80.081,LOW,0
07:42:30,27.7,1006.5,1172,-2504,15740,12.8797,80.081,LOW,0
07:42:31,27.7,1006.5,1172,-2504,15740,12.8797,80.081,LOW,0
07:42:32,27.7,1006.5,1172,-2504,15740,12.8797,80.081,LOW,0
07:42:33,27.7,1006.5,576,-184,16508,12.8797,80.081,LOW,0
07:42:34,27.7,1006.5,576,-184,16508,12.8797,80.081,LOW,0
07:42:35,27.7,1006.5,576,-184,16508,12.8797,80.081,LOW,0
07:42:36,27.7,1006.5,576,-184,16508,12.8797,80.081,LOW,0
07:42:37,27.7,1006.5,548,-216,16516,12.8797,80.081,LOW,0
07:42:38,27.7,1006.5,548,-216,16516,12.8797,80.081,LOW,0
07:42:39,27.7,1006.5,548,-216,16516,12.8797,80.081,LOW,0
07:42:40,27.7,1006.5,548,-216,16516,12.8797,80.081,LOW,0
07:42:41,27.7,1006.5,616,-248,16552,12.8797,80.081,LOW,0
07:42:42,27.7,1006.5,616,-248,16552,12.8797,80.081,LOW,0
07:42:43,27.7,1006.5,616,-248,16552,12.8797,80.081,LOW,0
07:42:44,27.7,1006.5,616,-248,16552,12.8797,80.081,LOW,0
07:42:45,27.7,1006.6,584,-264,16496,12.8797,80.081,LOW,0
07:42:46,27.7,1006.6,584,-264,16496,12.8797,80.081,LOW,0
07:42:47,27.7,1006.6,584,-264,16496,12.8797,80.081,LOW,0
07:42:48,27.7,1006.6,584,-264,16496,12.8797,80.081,LOW,0
07:42:49,27.8,1006.6,588,-216,16496,12.8797,80.081,LOW,0
07:42:51,27.8,1006.6,588,-216,16496,12.8797,80.081,LOW,0
07:42:52,27.8,1006.6,588,-216,16496,12.8797,80.081,LOW,0
07:42:53,27.8,1006.6,588,-216,16496,12.8797,80.081,LOW,0
07:42:54,27.8,1006.6,532,-212,16596,12.8797,80.081,LOW,0
07:42:55,27.8,1006.6,532,-212,16596,12.8797,80.081,LOW,0
07:42:56,27.8,1006.6,532,-212,16596,12.8797,80.081,LOW,0
07:42:57,27.8,1006.6,532,-212,16596,12.8797,80.081,LOW,0
07:42:58,27.7,1006.6,560,-208,16460,12.8797,80.081,LOW,0
07:42:59,27.7,1006.6,560,-208,16460,12.8797,80.081,LOW,0
07:43:00,27.7,1006.6,560,-208,16460,12.8797,80.081,LOW,0
07:43:01,27.7,1006.6,560,-208,16460,12.8797,80.081,LOW,0
07:43:02,27.8,1006.6,532,-244,16528,12.8797,80.081,LOW,0
07:43:03,27.8,1006.6,532,-244,16528,12.8797,80.081,LOW,0
07:43:04,27.8,1006.6,532,-244,16528,12.8797,80.081,LOW,0
07:43:05,27.8,1006.6,532,-244,16528,12.8797,80.081,LOW,0
07:43:06,27.8,1006.5,656,-212,16500,12.8797,80.081,LOW,0
07:43:07,27.8,1006.5,656,-212,16500,12.8797,80.081,LOW,0
07:43:08,27.8,1006.5,656,-212,16500,12.8797,80.081,LOW,0
07:43:09,27.8,1006.5,656,-212,16500,12.8797,80.081,LOW,0
07:43:10,27.8,1006.6,-2044,-2008,15788,12.8797,80.081,LOW,0
07:43:11,27.8,1006.6,-2044,-2008,15788,12.8797,80.081,LOW,0
07:43:12,27.8,1006.6,-2044,-2008,15788,12.8797,80.081,LOW,0
07:43:13,27.8,1006.6,-2044,-2008,15788,12.8797,80.081,LOW,0
07:43:14,27.8,1006.5,144,-1460,13596,12.8797,80.081,LOW,0
07:43:15,27.8,1006.5,144,-1460,13596,12.8797,80.081,LOW,0
07:43:16,27.8,1006.5,144,-1460,13596,12.8797,80.081,LOW,0
07:43:17,27.8,1006.5,144,-1460,13596,12.8797,80.081,LOW,0
07:43:18,27.8,1006.5,-3428,-64,16236,12.8797,80.081,LOW,0
07:43:19,27.8,1006.5,-3428,-64,16236,12.8797,80.081,LOW,0
07:43:20,27.8,1006.5,-3428,-64,16236,12.8797,80.081,LOW,0
07:43:21,27.8,1006.5,-3428,-64,16236,12.8797,80.081,LOW,0
07:43:22,27.8,1006.5,2712,-3460,16184,12.8797,80.081,LOW,0
07:43:23,27.8,1006.5,2712,-3460,16184,12.8797,80.081,LOW,0
07:43:24,27.8,1006.5,2712,-3460,16184,12.8797,80.081,LOW,0
07:43:25,27.8,1006.5,2712,-3460,16184,12.8797,80.081,LOW,0
07:43:26,27.8,1006.5,3552,-732,16040,12.8797,80.081,LOW,0
07:43:27,27.8,1006.5,3552,-732,16040,12.8797,80.081,LOW,0
07:43:28,27.8,1006.5,3552,-732,16040,12.8797,80.081,LOW,0
07:43:29,27.8,1006.5,3552,-732,16040,12.8797,80.081,LOW,0
07:43:30,27.8,1006.5,3228,-744,16352,12.8797,80.081,LOW,0
07:43:31,27.8,1006.5,3228,-744,16352,12.8797,80.081,LOW,0
07:43:32,27.8,1006.5,3228,-744,16352,12.8797,80.081,LOW,0
07:43:33,27.8,1006.5,3228,-744,16352,12.8797,80.081,LOW,0
07:43:34,27.8,1006.5,2916,-588,16336,12.8797,80.081,LOW,0
07:43:35,27.8,1006.5,2916,-588,16336,12.8797,80.081,LOW,0
07:43:36,27.8,1006.5,2916,-588,16336,12.8797,80.081,LOW,0
07:43:37,27.8,1006.5,2916,-588,16336,12.8797,80.081,LOW,0
07:43:38,27.8,1006.5,2632,-528,16372,12.8797,80.081,LOW,0
07:43:39,27.8,1006.5,2632,-528,16372,12.8797,80.081,LOW,0
07:43:40,27.8,1006.5,2632,-528,16372,12.8797,80.081,LOW,0
07:43:41,27.8,1006.5,2632,-528,16372,12.8797,80.081,LOW,0
07:43:42,27.8,1006.5,2264,-252,15816,12.8797,80.081,LOW,0
07:43:43,27.8,1006.5,2264,-252,15816,12.8797,80.081,LOW,0
07:43:44,27.8,1006.5,2264,-252,15816,12.8797,80.081,LOW,0
07:43:45,27.8,1006.5,2264,-252,15816,12.8797,80.081,LOW,0
07:43:46,27.8,1006.5,1988,-992,16212,12.8797,80.081,LOW,0
07:43:47,27.8,1006.5,1988,-992,16212,12.8797,80.081,LOW,0
07:43:48,27.8,1006.5,1988,-992,16212,12.8797,80.081,LOW,0
07:43:49,27.8,1006.5,1988,-992,16212,12.8797,80.081,LOW,0
07:43:50,27.8,1006.6,-3176,5884,32767,12.8797,80.081,LOW,0
07:43:51,27.8,1006.6,-3176,5884,32767,12.8797,80.081,HIGH,0
07:43:52,27.8,1006.6,-3176,5884,32767,12.8797,80.081,HIGH,0
07:43:53,27.8,1006.6,-3176,5884,32767,12.8797,80.081,HIGH,0
07:43:54,27.8,1006.7,1272,-220,16336,12.8797,80.081,HIGH,0
07:43:55,27.8,1006.7,1272,-220,16336,12.8797,80.081,HIGH,0
07:43:56,27.8,1006.7,1272,-220,16336,12.8797,80.081,HIGH,0
07:43:57,27.8,1006.7,1272,-220,16336,12.8797,80.081,HIGH,0
07:43:58,27.8,1006.7,1292,-188,16456,12.8797,80.081,HIGH,0
07:43:59,27.8,1006.7,1292,-188,16456,12.8797,80.081,LOW,0
07:44:00,27.8,1006.7,1292,-188,16456,12.8797,80.081,LOW,0
07:44:01,27.8,1006.7,1292,-188,16456,12.8797,80.081,LOW,0
07:44:02,27.8,1006.6,840,-168,16744,12.8797,80.081,LOW,0
07:44:03,27.8,1006.6,840,-168,16744,12.8797,80.081,LOW,0
07:44:04,27.8,1006.6,840,-168,16744,12.8797,80.081,LOW,0
07:44:05,27.8,1006.6,840,-168,16744,12.8797,80.081,LOW,0
07:44:06,27.8,1006.6,2412,2060,17980,12.8797,80.081,LOW,0
07:44:07,27.8,1006.6,2412,2060,17980,12.8797,80.081,LOW,0
07:44:08,27.8,1006.6,2412,2060,17980,12.8797,80.081,LOW,0
07:44:09,27.8,1006.6,2412,2060,17980,12.8797,80.081,LOW,0
07:44:10,27.8,1006.6,2392,3032,16464,12.8797,80.081,LOW,0
07:44:11,27.8,1006.6,2392,3032,16464,12.8797,80.081,LOW,0
07:44:12,27.8,1006.6,2392,3032,16464,12.8797,80.081,LOW,0
07:44:13,27.8,1006.6,2392,3032,16464,12.8797,80.081,LOW,0
07:44:14,27.8,1006.6,1996,2756,16040,12.8797,80.081,LOW,0
07:44:15,27.8,1006.6,1996,2756,16040,12.8797,80.081,LOW,0
07:44:16,27.8,1006.6,1996,2756,16040,12.8797,80.081,LOW,0
07:44:17,27.8,1006.6,1996,2756,16040,12.8797,80.081,LOW,0
07:44:19,27.8,1006.5,1560,2808,16244,12.8797,80.081,LOW,0
07:44:20,27.8,1006.5,1560,2808,16244,12.8797,80.081,LOW,0
07:44:21,27.8,1006.5,1560,2808,16244,12.8797,80.081,LOW,0
07:44:22,27.8,1006.5,1560,2808,16244,12.8797,80.081,LOW,0
07:44:23,27.8,1006.6,1492,2748,16108,12.8797,80.081,LOW,0
07:44:24,27.8,1006.6,1492,2748,16108,12.8797,80.081,LOW,0
07:44:25,27.8,1006.6,1492,2748,16108,12.8797,80.081,LOW,0
07:44:26,27.8,1006.6,1492,2748,16108,12.8797,80.081,LOW,0
07:44:27,27.8,1006.5,288,1696,16460,12.8797,80.081,LOW,0
07:44:28,27.8,1006.5,288,1696,16460,12.8797,80.081,LOW,0
07:44:29,27.8,1006.5,288,1696,16460,12.8797,80.081,LOW,0
07:44:30,27.8,1006.5,288,1696,16460,12.8797,80.081,LOW,0
07:44:31,27.8,1006.6,-720,1004,16280,12.8797,80.081,LOW,0
07:44:32,27.8,1006.6,-720,1004,16280,12.8797,80.081,LOW,0
07:44:33,27.8,1006.6,-720,1004,16280,12.8797,80.081,LOW,0
07:44:34,27.8,1006.6,-720,1004,16280,12.8797,80.081,LOW,0
07:44:35,27.8,1006.6,360,1220,16472,12.8797,80.081,LOW,0
07:44:36,27.8,1006.6,360,1220,16472,12.8797,80.081,LOW,0
07:44:37,27.8,1006.6,360,1220,16472,12.8797,80.081,LOW,0
07:44:38,27.8,1006.6,360,1220,16472,12.8797,80.081,LOW,0
07:44:39,27.8,1006.5,9888,2320,-12460,12.8797,80.081,LOW,0
07:44:40,27.8,1006.5,9888,2320,-12460,12.8797,80.081,LOW,0
07:44:41,27.8,1006.5,9888,2320,-12460,12.8797,80.081,LOW,0
07:44:42,27.8,1006.5,9888,2320,-12460,12.8797,80.081,LOW,0
07:44:43,27.8,1006.5,-7848,2944,16684,12.8797,80.081,LOW,0
07:44:44,27.8,1006.5,-7848,2944,16684,12.8797,80.081,LOW,0
07:44:45,27.8,1006.5,-7848,2944,16684,12.8797,80.081,LOW,0
07:44:46,27.8,1006.5,-7848,2944,16684,12.8797,80.081,LOW,0
07:44:47,27.8,1006.5,420,1924,16936,12.8797,80.081,LOW,0
07:44:48,27.8,1006.5,420,1924,16936,12.8797,80.081,LOW,0
07:44:49,27.8,1006.5,420,1924,16936,12.8797,80.081,LOW,0
07:44:50,27.8,1006.5,420,1924,16936,12.8797,80.081,LOW,0
07:44:51,27.8,1006.5,-508,768,16872,12.8797,80.081,LOW,0
07:44:52,27.8,1006.5,-508,768,16872,12.8797,80.081,LOW,0
07:44:53,27.8,1006.5,-508,768,16872,12.8797,80.081,LOW,0
07:44:54,27.8,1006.5,-508,768,16872,12.8797,80.081,LOW,0
07:44:55,27.8,1006.6,5752,-1584,14864,12.8797,80.081,LOW,0
07:44:56,27.8,1006.6,5752,-1584,14864,12.8797,80.081,LOW,0
07:44:57,27.8,1006.6,5752,-1584,14864,12.8797,80.081,LOW,0
07:44:58,27.8,1006.6,5752,-1584,14864,12.8797,80.081,LOW,0
07:44:59,27.8,1006.6,3260,2792,16760,12.8797,80.081,LOW,0
07:45:00,27.8,1006.6,3260,2792,16760,12.8797,80.081,LOW,0
07:45:01,27.8,1006.6,3260,2792,16760,12.8797,80.081,LOW,0
07:45:02,27.8,1006.6,3260,2792,16760,12.8797,80.081,LOW,0
07:45:03,27.8,1006.6,3260,2792,16760,12.8797,80.081,LOW,0
07:45:04,27.8,1006.6,3260,2792,16760,12.8797,80.081,LOW,0
07:45:05,27.8,1006.6,3260,2792,16760,12.8797,80.081,LOW,0
07:45:06,27.8,1006.6,3260,2792,16760,12.8797,80.081,CRITICAL,1
07:45:07,27.8,1006.6,3260,2792,16760,12.8797,80.081,CRITICAL,1
07:45:08,27.8,1006.6,3260,2792,16760,12.8797,80.081,CRITICAL,1
07:45:09,27.8,1006.6,2440,1916,16928,12.8797,80.081,CRITICAL,1
07:45:10,27.8,1006.6,2440,1916,16928,12.8797,80.081,HIGH,0
07:45:11,27.8,1006.6,2440,1916,16928,12.8797,80.081,HIGH,0
07:45:12,27.8,1006.6,2440,1916,16928,12.8797,80.081,HIGH,0
07:45:13,27.8,1006.5,-1328,1068,16688,12.8797,80.081,HIGH,0
07:45:14,27.8,1006.5,-1328,1068,16688,12.8797,80.081,LOW,0
07:45:15,27.8,1006.5,-1328,1068,16688,12.8797,80.081,LOW,0
07:45:16,27.8,1006.5,-1328,1068,16688,12.8797,80.081,LOW,0
07:45:17,27.8,1006.5,8068,-14176,8332,12.8797,80.081,LOW,0
07:45:18,27.8,1006.5,8068,-14176,8332,12.8797,80.081,LOW,0
07:45:19,27.8,1006.5,8068,-14176,8332,12.8797,80.081,LOW,0
07:45:20,27.8,1006.5,8068,-14176,8332,12.8797,80.081,LOW,0
07:45:21,27.8,1006.5,6788,4048,-14520,12.8797,80.081,LOW,0
07:45:22,27.8,1006.5,6788,4048,-14520,12.8797,80.081,LOW,0
07:45:23,27.8,1006.5,6788,4048,-14520,12.8797,80.081,LOW,0
07:45:24,27.8,1006.5,6788,4048,-14520,12.8797,80.081,LOW,0
07:45:25,27.8,1006.5,16600,-36,7792,12.8797,80.081,LOW,0
07:45:26,27.8,1006.5,16600,-36,7792,12.8797,80.081,LOW,0
07:45:27,27.8,1006.5,16600,-36,7792,12.8797,80.081,LOW,0
07:45:28,27.8,1006.5,16600,-36,7792,12.8797,80.081,LOW,0
07:45:29,27.8,1006.6,-10096,292,12792,12.8797,80.081,LOW,0
07:45:30,27.8,1006.6,-10096,292,12792,12.8797,80.081,LOW,0
07:45:31,27.8,1006.6,-10096,292,12792,12.8797,80.081,LOW,0
07:45:32,27.8,1006.6,-10096,292,12792,12.8797,80.081,LOW,0
07:45:33,27.8,1006.6,-9900,604,12996,12.8797,80.081,LOW,0
07:45:34,27.8,1006.6,-9900,604,12996,12.8797,80.081,LOW,0
07:45:35,27.8,1006.6,-9900,604,12996,12.8797,80.081,LOW,0
07:45:37,27.8,1006.6,-9900,604,12996,12.8797,80.081,LOW,0
07:45:38,27.8,1006.6,-10156,120,12784,12.8797,80.081,LOW,0
07:45:39,27.8,1006.6,-10156,120,12784,12.8797,80.081,LOW,0
07:45:40,27.8,1006.6,-10156,120,12784,12.8797,80.081,LOW,0
07:45:41,27.8,1006.6,-10156,120,12784,12.8797,80.081,LOW,0
07:45:42,27.8,1006.6,-9764,248,12972,12.8797,80.081,LOW,0
07:45:43,27.8,1006.6,-9764,248,12972,12.8797,80.081,LOW,0
07:45:44,27.8,1006.6,-9764,248,12972,12.8797,80.081,LOW,0
07:45:45,27.8,1006.6,-9764,248,12972,12.8797,80.081,LOW,0
07:45:46,27.8,1006.6,-13584,136,10252,12.8797,80.081,LOW,0
07:45:47,27.8,1006.6,-13584,136,10252,12.8797,80.081,LOW,0
07:45:48,27.8,1006.6,-13584,136,10252,12.8797,80.081,LOW,0
07:45:49,27.8,1006.6,-13584,136,10252,12.8797,80.081,LOW,0
07:45:50,27.8,1006.6,-8384,-2180,14116,12.8797,80.081,LOW,0
07:45:51,27.8,1006.6,-8384,-2180,14116,12.8797,80.081,LOW,0
07:45:52,27.8,1006.6,-8384,-2180,14116,12.8797,80.081,LOW,0
07:45:53,27.8,1006.6,-8384,-2180,14116,12.8797,80.081,LOW,0
07:45:54,27.8,1006.6,-6264,-1756,15544,12.8797,80.081,LOW,0
07:45:55,27.8,1006.6,-6264,-1756,15544,12.8797,80.081,LOW,0
07:45:56,27.8,1006.6,-6264,-1756,15544,12.8797,80.081,LOW,0
07:45:57,27.8,1006.6,-6264,-1756,15544,12.8797,80.081,LOW,0
07:45:58,27.8,1006.5,924,-192,16356,12.8797,80.081,LOW,0
07:45:59,27.8,1006.5,924,-192,16356,12.8797,80.081,LOW,0
07:46:00,27.8,1006.5,924,-192,16356,12.8797,80.081,LOW,0
07:46:01,27.8,1006.5,924,-192,16356,12.8797,80.081,LOW,0
07:46:02,27.9,1006.6,-15052,80,11880,12.8797,80.081,LOW,0
07:46:03,27.9,1006.6,-15052,80,11880,12.8797,80.081,LOW,0
07:46:04,27.9,1006.6,-15052,80,11880,12.8797,80.081,LOW,0
07:46:05,27.9,1006.6,-15052,80,11880,12.8797,80.081,LOW,0
07:46:06,27.9,1006.6,-1276,-772,9456,12.8797,80.081,LOW,0
07:46:07,27.9,1006.6,-1276,-772,9456,12.8797,80.081,MEDIUM,0
07:46:08,27.9,1006.6,-1276,-772,9456,12.8797,80.081,MEDIUM,0
07:46:09,27.9,1006.6,-1276,-772,9456,12.8797,80.081,MEDIUM,0
07:46:10,27.9,1006.6,-248,36,16420,12.8797,80.081,MEDIUM,0
07:46:11,27.9,1006.6,-248,36,16420,12.8797,80.081,MEDIUM,0
07:46:12,27.9,1006.6,-248,36,16420,12.8797,80.081,MEDIUM,0
07:46:13,27.9,1006.6,-248,36,16420,12.8797,80.081,MEDIUM,0
07:46:14,27.9,1006.5,4688,-6032,-4960,12.8797,80.081,MEDIUM,0
07:46:15,27.9,1006.5,4688,-6032,-4960,12.8797,80.081,MEDIUM,0
07:46:16,27.9,1006.5,4688,-6032,-4960,12.8797,80.081,MEDIUM,0
07:46:17,27.9,1006.5,4688,-6032,-4960,12.8797,80.081,MEDIUM,0
07:46:18,27.9,1006.7,9912,4504,-12724,12.8797,80.081,MEDIUM,0
07:46:19,27.9,1006.7,9912,4504,-12724,12.8797,80.081,MEDIUM,0
07:46:20,27.9,1006.7,9912,4504,-12724,12.8797,80.081,MEDIUM,0
07:46:21,27.9,1006.7,9912,4504,-12724,12.8797,80.081,MEDIUM,0
07:46:22,27.9,1006.6,304,144,16496,12.8797,80.081,MEDIUM,0
07:46:23,27.9,1006.6,304,144,16496,12.8797,80.081,LOW,0
07:46:24,27.9,1006.6,304,144,16496,12.8797,80.081,LOW,0
07:46:25,27.9,1006.6,304,144,16496,12.8797,80.081,LOW,0
07:46:26,27.9,1006.6,240,76,16460,12.8797,80.081,LOW,0
07:46:27,27.9,1006.6,240,76,16460,12.8797,80.081,LOW,0
07:46:28,27.9,1006.6,240,76,16460,12.8797,80.081,LOW,0
07:46:29,27.9,1006.6,240,76,16460,12.8797,80.081,LOW,0
07:46:30,27.9,1006.6,204,96,16468,12.8797,80.081,LOW,0
07:46:31,27.9,1006.6,204,96,16468,12.8797,80.081,LOW,0
07:46:32,27.9,1006.6,204,96,16468,12.8797,80.081,LOW,0
07:46:33,27.9,1006.6,204,96,16468,12.8797,80.081,LOW,0
07:46:34,27.9,1006.6,292,140,16580,12.8797,80.081,LOW,0
07:46:35,27.9,1006.6,292,140,16580,12.8797,80.081,LOW,0
07:46:36,27.9,1006.6,292,140,16580,12.8797,80.081,LOW,0
07:46:37,27.9,1006.6,292,140,16580,12.8797,80.081,LOW,0
07:46:38,27.9,1006.6,240,56,16520,12.8797,80.081,LOW,0
07:46:39,27.9,1006.6,240,56,16520,12.8797,80.081,LOW,0
07:46:40,27.9,1006.6,240,56,16520,12.8797,80.081,LOW,0
07:46:41,27.9,1006.6,240,56,16520,12.8797,80.081,LOW,0
07:46:42,27.9,1006.6,240,100,16600,12.8797,80.081,LOW,0
07:46:43,27.9,1006.6,240,100,16600,12.8797,80.081,LOW,0
07:46:44,27.9,1006.6,240,100,16600,12.8797,80.081,LOW,0
07:46:45,27.9,1006.6,240,100,16600,12.8797,80.081,LOW,0
07:46:46,27.9,1006.6,1616,-752,16744,12.8797,80.081,LOW,0
07:46:47,27.9,1006.6,1616,-752,16744,12.8797,80.081,LOW,0
07:46:48,27.9,1006.6,1616,-752,16744,12.8797,80.081,LOW,0
07:46:49,27.9,1006.6,1616,-752,16744,12.8797,80.081,LOW,0
07:46:50,27.9,1006.6,1508,-648,16496,12.8797,80.081,LOW,0
07:46:51,27.9,1006.6,1508,-648,16496,12.8797,80.081,LOW,0
07:46:52,27.9,1006.6,1508,-648,16496,12.8797,80.081,LOW,0
07:46:53,27.9,1006.6,1508,-648,16496,12.8797,80.081,LOW,0
07:46:54,27.9,1006.6,-1044,-460,17528,12.8797,80.081,LOW,0
07:46:55,27.9,1006.6,-1044,-460,17528,12.8797,80.081,LOW,0
07:46:56,27.9,1006.6,-1044,-460,17528,12.8797,80.081,LOW,0
07:46:57,27.9,1006.6,-1044,-460,17528,12.8797,80.081,LOW,0
07:46:58,27.9,1006.6,-2156,1120,15168,12.8797,80.081,LOW,0
07:46:59,27.9,1006.6,-2156,1120,15168,12.8797,80.081,LOW,0
07:47:00,27.9,1006.6,-2156,1120,15168,12.8797,80.081,LOW,0
07:47:01,27.9,1006.6,-2156,1120,15168,12.8797,80.081,LOW,0
07:47:02,27.9,1006.6,424,36,17128,12.8797,80.081,LOW,0
07:47:03,27.9,1006.6,424,36,17128,12.8797,80.081,LOW,0
07:47:04,27.9,1006.6,424,36,17128,12.8797,80.081,LOW,0
07:47:05,27.9,1006.6,424,36,17128,12.8797,80.081,LOW,0
07:47:07,27.9,1006.6,1868,464,15736,12.8797,80.081,LOW,0
07:47:08,27.9,1006.6,1868,464,15736,12.8797,80.081,LOW,0
07:47:09,27.9,1006.6,1868,464,15736,12.8797,80.081,LOW,0
07:47:10,27.9,1006.6,1868,464,15736,12.8797,80.081,LOW,0
07:47:11,27.9,1006.6,724,376,17828,12.8797,80.081,LOW,0
07:47:12,27.9,1006.6,724,376,17828,12.8797,80.081,LOW,0
07:47:13,27.9,1006.6,724,376,17828,12.8797,80.081,LOW,0
07:47:14,27.9,1006.6,724,376,17828,12.8797,80.081,LOW,0
07:47:15,27.9,1006.7,5996,4584,22112,12.8797,80.081,LOW,0
07:47:16,27.9,1006.7,5996,4584,22112,12.8797,80.081,MEDIUM,0
07:47:17,27.9,1006.7,5996,4584,22112,12.8797,80.081,MEDIUM,0
07:47:18,27.9,1006.7,5996,4584,22112,12.8797,80.081,MEDIUM,0
07:47:19,27.9,1006.7,-1908,-2124,16228,12.8797,80.081,MEDIUM,0
07:47:20,27.9,1006.7,-1908,-2124,16228,12.8797,80.081,MEDIUM,0
07:47:21,27.9,1006.7,-1908,-2124,16228,12.8797,80.081,MEDIUM,0
07:47:22,27.9,1006.7,-1908,-2124,16228,12.8797,80.081,MEDIUM,0
07:47:23,27.9,1006.6,-2016,-2104,16264,12.8797,80.081,MEDIUM,0
07:47:24,27.9,1006.6,-2016,-2104,16264,12.8797,80.081,LOW,0
07:47:25,27.9,1006.6,-2016,-2104,16264,12.8797,80.081,LOW,0
07:47:26,27.9,1006.6,-2016,-2104,16264,12.8797,80.081,LOW,0
07:47:27,27.9,1006.6,-1932,-2100,16212,12.8797,80.081,LOW,0
07:47:28,27.9,1006.6,-1932,-2100,16212,12.8797,80.081,LOW,0
07:47:29,27.9,1006.6,-1932,-2100,16212,12.8797,80.081,LOW,0
07:47:30,27.9,1006.6,-1932,-2100,16212,12.8797,80.081,LOW,0
07:47:31,27.9,1006.7,-1976,-2052,16156,12.8797,80.081,LOW,0
07:47:32,27.9,1006.7,-1976,-2052,16156,12.8797,80.081,LOW,0
09:12:05,25.6,1006.2,876,-180,16544,12.8797,80.081,LOW,0
09:12:06,25.6,1006.2,876,-180,16544,12.8797,80.081,LOW,0
09:12:07,25.6,1006.2,876,-180,16544,12.8797,80.081,LOW,0
09:12:08,25.6,1006.2,876,-180,16544,12.8797,80.081,LOW,0
09:12:09,25.6,1006.2,892,-168,16432,12.8797,80.081,LOW,0
09:12:10,25.6,1006.2,892,-168,16432,12.8797,80.081,LOW,0
09:12:11,25.6,1006.2,892,-168,16432,12.8797,80.081,LOW,0
09:12:12,25.6,1006.2,892,-168,16432,12.8797,80.081,LOW,0
09:12:13,25.6,1006.2,848,-212,16440,12.8797,80.081,LOW,0
09:12:14,25.6,1006.2,848,-212,16440,12.8797,80.081,LOW,0
09:12:15,25.6,1006.2,848,-212,16440,12.8797,80.081,LOW,0
09:12:16,25.6,1006.2,848,-212,16440,12.8797,80.081,LOW,0
09:12:17,25.6,1006.2,860,-184,16468,12.8797,80.081,LOW,0
09:12:18,25.6,1006.2,860,-184,16468,12.8797,80.081,LOW,0
09:12:19,25.6,1006.2,860,-184,16468,12.8797,80.081,LOW,0
09:12:20,25.6,1006.2,860,-184,16468,12.8797,80.081,LOW,0
09:12:21,25.6,1006.2,872,-196,16492,12.8797,80.081,LOW,0
09:12:22,25.6,1006.2,872,-196,16492,12.8797,80.081,LOW,0
09:12:23,25.6,1006.2,872,-196,16492,12.8797,80.081,LOW,0
09:12:24,25.6,1006.2,872,-196,16492,12.8797,80.081,LOW,0
09:12:25,25.6,1006.2,880,-188,16424,12.8797,80.081,LOW,0
09:12:27,25.6,1006.2,880,-188,16424,12.8797,80.081,LOW,0
09:12:28,25.6,1006.2,880,-188,16424,12.8797,80.081,LOW,0
09:12:29,25.6,1006.2,880,-188,16424,12.8797,80.081,LOW,0
09:12:30,25.6,1006.2,952,-176,16492,12.8797,80.081,LOW,0
09:12:31,25.6,1006.2,952,-176,16492,12.8797,80.081,LOW,0
09:12:32,25.6,1006.2,952,-176,16492,12.8797,80.081,LOW,0
09:12:33,25.6,1006.2,952,-176,16492,12.8797,80.081,LOW,0
09:12:34,25.6,1006.2,792,-156,16544,12.8797,80.081,LOW,0
09:12:35,25.6,1006.2,792,-156,16544,12.8797,80.081,LOW,0
09:12:36,25.6,1006.2,792,-156,16544,12.8797,80.081,LOW,0
09:12:37,25.6,1006.2,792,-156,16544,12.8797,80.081,LOW,0
09:12:38,25.6,1006.2,892,-168,16464,12.8797,80.081,LOW,0
09:12:39,25.6,1006.2,892,-168,16464,12.8797,80.081,LOW,0
09:12:40,25.6,1006.2,892,-168,16464,12.8797,80.081,LOW,0
09:12:41,25.6,1006.2,892,-168,16464,12.8797,80.081,LOW,0
09:12:42,25.6,1006.2,908,-172,16412,12.8797,80.081,LOW,0
09:12:43,25.6,1006.2,908,-172,16412,12.8797,80.081,LOW,0
09:12:44,25.6,1006.2,908,-172,16412,12.8797,80.081,LOW,0
09:12:45,25.6,1006.2,908,-172,16412,12.8797,80.081,LOW,0
09:12:46,25.6,1006.2,832,-140,16464,12.8797,80.081,LOW,0
09:12:47,25.6,1006.2,832,-140,16464,12.8797,80.081,LOW,0
09:12:48,25.6,1006.2,832,-140,16464,12.8797,80.081,LOW,0
09:12:49,25.6,1006.2,832,-140,16464,12.8797,80.081,LOW,0
09:12:50,25.6,1006.2,864,-176,16516,12.8797,80.081,LOW,0
09:12:51,25.6,1006.2,864,-176,16516,12.8797,80.081,LOW,0
09:12:52,25.6,1006.2,864,-176,16516,12.8797,80.081,LOW,0
09:12:53,25.6,1006.2,864,-176,16516,12.8797,80.081,LOW,0
09:12:54,25.6,1006.2,792,-192,16388,12.8797,80.081,LOW,0
09:12:55,25.6,1006.2,792,-192,16388,12.8797,80.081,LOW,0
09:12:56,25.6,1006.2,792,-192,16388,12.8797,80.081,LOW,0
09:12:57,25.6,1006.2,792,-192,16388,12.8797,80.081,LOW,0
09:12:58,25.6,1006.2,884,-184,16420,12.8797,80.081,LOW,0
09:12:59,25.6,1006.2,884,-184,16420,12.8797,80.081,LOW,0
09:13:00,25.6,1006.2,884,-184,16420,12.8797,80.081,LOW,0
09:13:01,25.6,1006.2,884,-184,16420,12.8797,80.081,LOW,0
09:13:02,25.6,1006.2,844,-124,16460,12.8797,80.081,LOW,0
09:13:03,25.6,1006.2,844,-124,16460,12.8797,80.081,LOW,0
09:13:05,25.6,1006.2,844,-124,16460,12.8797,80.081,LOW,0
09:13:06,25.6,1006.2,844,-124,16460,12.8797,80.081,LOW,0
09:13:07,25.6,1006.2,956,-196,16552,12.8797,80.081,LOW,0
09:13:08,25.6,1006.2,956,-196,16552,12.8797,80.081,LOW,0
09:13:09,25.6,1006.2,956,-196,16552,12.8797,80.081,LOW,0
09:13:10,25.6,1006.2,956,-196,16552,12.8797,80.081,LOW,0
09:13:11,25.6,1006.2,864,-240,16480,12.8797,80.081,LOW,0
09:13:12,25.6,1006.2,864,-240,16480,12.8797,80.081,LOW,0
09:13:13,25.6,1006.2,864,-240,16480,12.8797,80.081,LOW,0
09:13:14,25.6,1006.2,864,-240,16480,12.8797,80.081,LOW,0
09:13:15,25.6,1006.2,864,-112,16484,12.8797,80.081,LOW,0
09:13:16,25.6,1006.2,864,-112,16484,12.8797,80.081,LOW,0
09:13:17,25.6,1006.2,864,-112,16484,12.8797,80.081,LOW,0
09:13:18,25.6,1006.2,864,-112,16484,12.8797,80.081,LOW,0
09:13:19,25.5,1006.2,852,-120,16444,12.8797,80.081,LOW,0
09:13:20,25.5,1006.2,852,-120,16444,12.8797,80.081,LOW,0
09:13:21,25.5,1006.2,852,-120,16444,12.8797,80.081,LOW,0
09:13:22,25.5,1006.2,852,-120,16444,12.8797,80.081,LOW,0
09:13:23,25.6,1006.2,884,-152,16472,12.8797,80.081,LOW,0
09:13:24,25.6,1006.2,884,-152,16472,12.8797,80.081,LOW,0
09:13:25,25.6,1006.2,884,-152,16472,12.8797,80.081,LOW,0
09:13:26,25.6,1006.2,884,-152,16472,12.8797,80.081,LOW,0
09:13:27,25.6,1006.2,868,-196,16444,12.8797,80.081,LOW,0
09:13:28,25.6,1006.2,868,-196,16444,12.8797,80.081,LOW,0
09:13:29,25.6,1006.2,868,-196,16444,12.8797,80.081,LOW,0
09:13:30,25.6,1006.2,868,-196,16444,12.8797,80.081,LOW,0
09:13:31,25.5,1006.2,916,-184,16360,12.8797,80.081,LOW,0
09:13:32,25.5,1006.2,916,-184,16360,12.8797,80.081,LOW,0
09:13:33,25.5,1006.2,916,-184,16360,12.8797,80.081,LOW,0
09:13:34,25.5,1006.2,916,-184,16360,12.8797,80.081,LOW,0
09:13:35,25.5,1006.2,916,-220,16436,12.8797,80.081,LOW,0
09:13:36,25.5,1006.2,916,-220,16436,12.8797,80.081,LOW,0
09:13:37,25.5,1006.2,916,-220,16436,12.8797,80.081,LOW,0
09:13:38,25.5,1006.2,916,-220,16436,12.8797,80.081,LOW,0
09:13:39,25.5,1006.2,872,-140,16488,12.8797,80.081,LOW,0
09:13:40,25.5,1006.2,872,-140,16488,12.8797,80.081,LOW,0
09:13:41,25.5,1006.2,872,-140,16488,12.8797,80.081,LOW,0
09:13:42,25.5,1006.2,872,-140,16488,12.8797,80.081,LOW,0
09:13:43,25.5,1006.2,872,-136,16392,12.8797,80.081,LOW,0
09:13:45,25.5,1006.2,872,-136,16392,12.8797,80.081,LOW,0
09:13:46,25.5,1006.2,872,-136,16392,12.8797,80.081,LOW,0
09:13:47,25.5,1006.2,872,-136,16392,12.8797,80.081,LOW,0
09:13:48,25.5,1006.2,932,-196,16384,12.8797,80.081,LOW,0
09:13:49,25.5,1006.2,932,-196,16384,12.8797,80.081,LOW,0
09:13:50,25.5,1006.2,932,-196,16384,12.8797,80.081,LOW,0
09:13:51,25.5,1006.2,932,-196,16384,12.8797,80.081,LOW,0
09:13:52,25.5,1006.2,916,-136,16360,12.8797,80.081,LOW,0
09:13:53,25.5,1006.2,916,-136,16360,12.8797,80.081,LOW,0
09:13:54,25.5,1006.2,916,-136,16360,12.8797,80.081,LOW,0
09:13:55,25.5,1006.2,916,-136,16360,12.8797,80.081,LOW,0
09:13:56,25.5,1006.2,892,-156,16480,12.8797,80.081,LOW,0
09:13:57,25.5,1006.2,892,-156,16480,12.8797,80.081,LOW,0
09:13:58,25.5,1006.2,892,-156,16480,12.8797,80.081,LOW,0
09:13:59,25.5,1006.2,892,-156,16480,12.8797,80.081,LOW,0
09:14:00,25.5,1006.2,916,-240,16464,12.8797,80.081,LOW,0
09:14:01,25.5,1006.2,916,-240,16464,12.8797,80.081,LOW,0
09:14:02,25.5,1006.2,916,-240,16464,12.8797,80.081,LOW,0
09:14:03,25.5,1006.2,916,-240,16464,12.8797,80.081,LOW,0
09:14:04,25.5,1006.2,872,-204,16404,12.8797,80.081,LOW,0
09:14:05,25.5,1006.2,872,-204,16404,12.8797,80.081,LOW,0
09:14:06,25.5,1006.2,872,-204,16404,12.8797,80.081,LOW,0
09:14:07,25.5,1006.2,872,-204,16404,12.8797,80.081,LOW,0
09:14:08,25.5,1006.2,920,-176,16460,12.8797,80.081,LOW,0
09:14:09,25.5,1006.2,920,-176,16460,12.8797,80.081,LOW,0
09:14:10,25.5,1006.2,920,-176,16460,12.8797,80.081,LOW,0
09:14:11,25.5,1006.2,920,-176,16460,12.8797,80.081,LOW,0
09:14:12,25.5,1006.2,880,-200,16424,12.8797,80.081,LOW,0
09:14:13,25.5,1006.2,880,-200,16424,12.8797,80.081,LOW,0
09:14:14,25.5,1006.2,880,-200,16424,12.8797,80.081,LOW,0
09:14:15,25.5,1006.2,880,-200,16424,12.8797,80.081,LOW,0
09:14:16,25.5,1006.2,908,-176,16436,12.8797,80.081,LOW,0
09:14:17,25.5,1006.2,908,-176,16436,12.8797,80.081,LOW,0
09:14:18,25.5,1006.2,908,-176,16436,12.8797,80.081,LOW,0
09:14:19,25.5,1006.2,908,-176,16436,12.8797,80.081,LOW,0
09:14:20,25.5,1006.2,896,-196,16436,12.8797,80.081,LOW,0
09:14:21,25.5,1006.2,896,-196,16436,12.8797,80.081,LOW,0
09:14:23,25.5,1006.2,896,-196,16436,12.8797,80.081,LOW,0
09:14:24,25.5,1006.2,896,-196,16436,12.8797,80.081,LOW,0
09:14:25,25.5,1006.3,908,-192,16408,12.8797,80.081,LOW,0
09:14:26,25.5,1006.3,908,-192,16408,12.8797,80.081,LOW,0
09:14:27,25.5,1006.3,908,-192,16408,12.8797,80.081,LOW,0
09:14:28,25.5,1006.3,908,-192,16408,12.8797,80.081,LOW,0
09:14:29,25.5,1006.2,896,-172,16548,12.8797,80.081,LOW,0
09:14:30,25.5,1006.2,896,-172,16548,12.8797,80.081,LOW,0
09:14:31,25.5,1006.2,896,-172,16548,12.8797,80.081,LOW,0
09:14:32,25.5,1006.2,896,-172,16548,12.8797,80.081,LOW,0
09:14:33,25.5,1006.2,864,-160,16452,12.8797,80.081,LOW,0
09:14:34,25.5,1006.2,864,-160,16452,12.8797,80.081,LOW,0
09:14:35,25.5,1006.2,864,-160,16452,12.8797,80.081,LOW,0
09:14:36,25.5,1006.2,864,-160,16452,12.8797,80.081,LOW,0
09:14:37,25.5,1006.2,860,-180,16456,12.8797,80.081,LOW,0
09:14:38,25.5,1006.2,860,-180,16456,12.8797,80.081,LOW,0
09:14:39,25.5,1006.2,860,-180,16456,12.8797,80.081,LOW,0
09:14:40,25.5,1006.2,860,-180,16456,12.8797,80.081,LOW,0
09:14:41,25.5,1006.2,880,-120,16376,12.8797,80.081,LOW,0
09:14:42,25.5,1006.2,880,-120,16376,12.8797,80.081,LOW,0
09:14:43,25.5,1006.2,880,-120,16376,12.8797,80.081,LOW,0
09:14:44,25.5,1006.2,880,-120,16376,12.8797,80.081,LOW,0
09:14:45,25.5,1006.2,808,-168,16472,12.8797,80.081,LOW,0
09:14:46,25.5,1006.2,808,-168,16472,12.8797,80.081,LOW,0
09:14:47,25.5,1006.2,808,-168,16472,12.8797,80.081,LOW,0
09:14:48,25.5,1006.2,808,-168,16472,12.8797,80.081,LOW,0
09:14:49,25.5,1006.2,872,-180,16524,12.8797,80.081,LOW,0
09:14:50,25.5,1006.2,872,-180,16524,12.8797,80.081,LOW,0
09:14:51,25.5,1006.2,872,-180,16524,12.8797,80.081,LOW,0
09:14:52,25.5,1006.2,872,-180,16524,12.8797,80.081,LOW,0
09:14:53,25.5,1006.2,772,-180,16392,12.8797,80.081,LOW,0
09:14:54,25.5,1006.2,772,-180,16392,12.8797,80.081,LOW,0
09:14:55,25.5,1006.2,772,-180,16392,12.8797,80.081,LOW,0
09:14:56,25.5,1006.2,772,-180,16392,12.8797,80.081,LOW,0
09:14:57,25.5,1006.2,952,-168,16488,12.8797,80.081,LOW,0
09:14:58,25.5,1006.2,952,-168,16488,12.8797,80.081,LOW,0
09:14:59,25.5,1006.2,952,-168,16488,12.8797,80.081,LOW,0
09:15:00,25.5,1006.2,952,-168,16488,12.8797,80.081,LOW,0
09:15:02,25.5,1006.2,848,-104,16488,12.8797,80.081,LOW,0
09:15:03,25.5,1006.2,848,-104,16488,12.8797,80.081,LOW,0
09:15:04,25.5,1006.2,848,-104,16488,12.8797,80.081,LOW,0
09:15:05,25.5,1006.2,848,-104,16488,12.8797,80.081,LOW,0
09:15:06,25.5,1006.2,848,-104,16488,12.8797,80.081,LOW,0
09:15:07,25.5,1006.2,848,-104,16488,12.8797,80.081,HIGH,0
09:15:08,25.5,1006.2,848,-104,16488,12.8797,80.081,HIGH,0
09:15:09,25.5,1006.2,848,-104,16488,12.8797,80.081,HIGH,0
09:15:10,25.5,1006.2,848,-104,16488,12.8797,80.081,HIGH,0
09:15:11,25.5,1006.2,848,-104,16488,12.8797,80.081,HIGH,0
09:15:12,25.5,1006.2,848,-104,16488,12.8797,80.081,HIGH,0
09:15:13,25.5,1006.2,848,-104,16488,12.8797,80.081,HIGH,0
09:15:14,25.5,1006.2,848,-104,16488,12.8797,80.081,HIGH,0
09:15:15,25.5,1006.2,848,-104,16488,12.8797,80.081,HIGH,0
09:15:16,25.5,1006.2,848,-104,16488,12.8797,80.081,HIGH,0
09:15:17,25.5,1006.2,848,-104,16488,12.8797,80.081,HIGH,0
09:15:18,25.5,1006.2,848,-104,16488,12.8797,80.081,HIGH,0
09:15:19,25.5,1006.2,848,-104,16488,12.8797,80.081,HIGH,0
09:15:20,25.5,1006.2,848,-104,16488,12.8797,80.081,HIGH,0
09:15:21,25.5,1006.2,848,-104,16488,12.8797,80.081,HIGH,0
09:15:22,25.5,1006.2,848,-104,16488,12.8797,80.081,HIGH,0
09:15:23,25.5,1006.2,848,-104,16488,12.8797,80.081,HIGH,0
09:15:24,25.5,1006.2,848,-104,16488,12.8797,80.081,HIGH,0
09:15:25,25.5,1006.2,848,-104,16488,12.8797,80.081,HIGH,0
09:15:26,25.5,1006.2,848,-104,16488,12.8797,80.081,HIGH,0
09:15:27,25.5,1006.2,848,-104,16488,12.8797,80.081,HIGH,0
09:15:28,25.5,1006.2,848,-104,16488,12.8797,80.081,HIGH,0
09:15:29,25.5,1006.2,848,-104,16488,12.8797,80.081,HIGH,0
09:15:30,25.5,1006.2,848,-104,16488,12.8797,80.081,HIGH,0
09:15:31,25.5,1006.2,848,-104,16488,12.8797,80.081,HIGH,0
09:15:32,25.5,1006.2,848,-104,16488,12.8797,80.081,HIGH,0
09:15:33,25.5,1006.2,848,-104,16488,12.8797,80.081,HIGH,0
09:15:34,25.5,1006.2,848,-104,16488,12.8797,80.081,HIGH,0
09:15:35,25.5,1006.2,848,-104,16488,12.8797,80.081,HIGH,0
09:15:36,25.5,1006.2,848,-104,16488,12.8797,80.081,HIGH,0
09:15:37,25.5,1006.2,848,-104,16488,12.8797,80.081,HIGH,0
09:15:38,25.5,1006.2,848,-104,16488,12.8797,80.081,HIGH,0
09:15:39,25.5,1006.2,848,-104,16488,12.8797,80.081,HIGH,0
09:15:40,25.5,1006.2,848,-104,16488,12.8797,80.081,HIGH,0
09:15:41,25.5,1006.2,848,-104,16488,12.8797,80.081,HIGH,0
09:15:42,25.5,1006.2,848,-104,16488,12.8797,80.081,HIGH,0
09:15:43,25.5,1006.2,848,-104,16488,12.8797,80.081,HIGH,0
09:15:44,25.5,1006.2,848,-104,16488,12.8797,80.081,HIGH,0
09:15:45,25.5,1006.2,848,-104,16488,12.8797,80.081,HIGH,0
09:15:46,25.5,1006.2,848,-104,16488,12.8797,80.081,HIGH,0
09:15:47,25.5,1006.2,848,-104,16488,12.8797,80.081,HIGH,0
09:15:48,25.5,1006.2,848,-104,16488,12.8797,80.081,HIGH,0
09:15:49,25.5,1006.2,848,-104,16488,12.8797,80.081,HIGH,0
09:15:50,25.5,1006.2,848,-104,16488,12.8797,80.081,HIGH,0
09:15:51,25.5,1006.2,848,-104,16488,12.8797,80.081,HIGH,0
09:15:52,25.5,1006.2,848,-104,16488,12.8797,80.081,HIGH,0
09:15:53,25.5,1006.2,848,-104,16488,12.8797,80.081,HIGH,0
09:15:54,25.5,1006.2,848,-104,16488,12.8797,80.081,HIGH,0
09:15:56,25.5,1006.2,848,-104,16488,12.8797,80.081,HIGH,0
09:15:57,25.5,1006.2,848,-104,16488,12.8797,80.081,HIGH,0
09:15:58,25.5,1006.2,848,-104,16488,12.8797,80.081,HIGH,0
09:15:59,25.5,1006.2,848,-104,16488,12.8797,80.081,HIGH,0
09:16:00,25.5,1006.2,848,-104,16488,12.8797,80.081,HIGH,0
09:16:01,25.5,1006.2,848,-104,16488,12.8797,80.081,HIGH,0
09:16:02,25.5,1006.2,848,-104,16488,12.8797,80.081,HIGH,0
09:16:03,25.5,1006.2,848,-104,16488,12.8797,80.081,HIGH,0
09:16:04,25.5,1006.2,848,-104,16488,12.8797,80.081,HIGH,0
09:16:05,25.5,1006.2,848,-104,16488,12.8797,80.081,HIGH,0
09:16:06,25.5,1006.2,848,-104,16488,12.8797,80.081,HIGH,0
09:16:07,25.5,1006.2,848,-104,16488,12.8797,80.081,HIGH,0
09:16:08,25.5,1006.2,848,-104,16488,12.8797,80.081,HIGH,0
09:16:09,25.5,1006.2,848,-104,16488,12.8797,80.081,HIGH,0
09:16:10,25.5,1006.2,848,-104,16488,12.8797,80.081,HIGH,0
09:16:11,25.5,1006.2,848,-104,16488,12.8797,80.081,HIGH,0
09:16:12,25.5,1006.2,848,-104,16488,12.8797,80.081,HIGH,0
09:16:13,25.5,1006.2,848,-104,16488,12.8797,80.081,HIGH,0
09:16:14,25.5,1006.2,848,-104,16488,12.8797,80.081,HIGH,0
09:16:15,25.5,1006.2,848,-104,16488,12.8797,80.081,HIGH,0
09:16:16,25.5,1006.2,848,-104,16488,12.8797,80.081,HIGH,0
09:16:17,25.5,1006.2,848,-104,16488,12.8797,80.081,HIGH,0
09:16:18,25.5,1006.2,848,-104,16488,12.8797,80.081,HIGH,0
09:16:19,25.5,1006.2,848,-104,16488,12.8797,80.081,HIGH,0
09:16:20,25.5,1006.2,848,-104,16488,12.8797,80.081,HIGH,0
09:16:21,25.5,1006.2,848,-104,16488,12.8797,80.081,HIGH,0
09:16:22,25.5,1006.2,848,-104,16488,12.8797,80.081,HIGH,0
09:16:23,25.5,1006.2,848,-104,16488,12.8797,80.081,HIGH,0
09:16:24,25.5,1006.2,848,-104,16488,12.8797,80.081,HIGH,0
09:16:25,25.5,1006.2,848,-104,16488,12.8797,80.081,HIGH,0
09:16:26,25.5,1006.2,848,-104,16488,12.8797,80.081,HIGH,0
09:16:27,25.5,1006.2,848,-104,16488,12.8797,80.081,HIGH,0
09:16:28,25.5,1006.2,848,-104,16488,12.8797,80.081,HIGH,0
09:16:29,25.5,1006.2,848,-104,16488,12.8797,80.081,HIGH,0
09:16:30,25.5,1006.2,848,-104,16488,12.8797,80.081,HIGH,0
09:16:31,25.5,1006.2,848,-104,16488,12.8797,80.081,HIGH,0
09:16:32,25.5,1006.2,848,-104,16488,12.8797,80.081,HIGH,0
09:16:33,25.5,1006.2,848,-104,16488,12.8797,80.081,HIGH,0
09:16:34,25.5,1006.2,848,-104,16488,12.8797,80.081,HIGH,0
09:16:35,25.5,1006.2,848,-104,16488,12.8797,80.081,HIGH,0
09:16:36,25.5,1006.2,848,-104,16488,12.8797,80.081,HIGH,0
09:16:37,25.5,1006.2,848,-104,16488,12.8797,80.081,HIGH,0
09:16:38,25.5,1006.2,848,-104,16488,12.8797,80.081,HIGH,0
09:16:39,25.5,1006.2,848,-104,16488,12.8797,80.081,HIGH,0
09:16:40,25.5,1006.2,848,-104,16488,12.8797,80.081,HIGH,0
09:16:41,25.5,1006.2,848,-104,16488,12.8797,80.081,HIGH,0
09:16:42,25.5,1006.2,848,-104,16488,12.8797,80.081,HIGH,0
09:16:43,25.5,1006.2,848,-104,16488,12.8797,80.081,HIGH,0
09:16:44,25.5,1006.2,848,-104,16488,12.8797,80.081,HIGH,0
09:16:45,25.5,1006.2,848,-104,16488,12.8797,80.081,HIGH,0
09:16:46,25.5,1006.2,848,-104,16488,12.8797,80.081,HIGH,0
09:16:47,25.5,1006.2,848,-104,16488,12.8797,80.081,HIGH,0
09:16:48,25.5,1006.2,848,-104,16488,12.8797,80.081,HIGH,0
09:16:49,25.5,1006.2,848,-104,16488,12.8797,80.081,HIGH,0
09:16:50,25.5,1006.2,848,-104,16488,12.8797,80.081,HIGH,0
09:16:51,25.5,1006.2,848,-104,16488,12.8797,80.081,HIGH,0
09:16:52,25.5,1006.2,848,-104,16488,12.8797,80.081,HIGH,0
09:16:53,25.5,1006.2,848,-104,16488,12.8797,80.081,HIGH,0
09:16:54,25.5,1006.2,848,-104,16488,12.8797,80.081,HIGH,0
09:16:55,25.5,1006.2,848,-104,16488,12.8797,80.081,HIGH,0
09:16:56,25.5,1006.2,848,-104,16488,12.8797,80.081,HIGH,0
09:16:57,25.5,1006.2,848,-104,16488,12.8797,80.081,HIGH,0
09:16:58,25.5,1006.2,848,-104,16488,12.8797,80.081,HIGH,0
09:16:59,25.5,1006.2,848,-104,16488,12.8797,80.081,HIGH,0
09:17:00,25.5,1006.2,848,-104,16488,12.8797,80.081,HIGH,0
09:17:01,25.5,1006.2,848,-104,16488,12.8797,80.081,HIGH,0
09:17:02,25.5,1006.2,848,-104,16488,12.8797,80.081,HIGH,0
09:17:03,25.5,1006.2,848,-104,16488,12.8797,80.081,HIGH,0
09:17:04,25.5,1006.2,848,-104,16488,12.8797,80.081,HIGH,0
09:17:05,25.5,1006.2,848,-104,16488,12.8797,80.081,HIGH,0
09:17:06,25.5,1006.2,848,-104,16488,12.8797,80.081,HIGH,0
09:17:08,25.5,1006.2,848,-104,16488,12.8797,80.081,HIGH,0
09:17:09,25.5,1006.2,848,-104,16488,12.8797,80.081,HIGH,0
09:17:10,25.5,1006.2,848,-104,16488,12.8797,80.081,HIGH,0
09:17:11,25.5,1006.2,848,-104,16488,12.8797,80.081,HIGH,0
09:17:12,25.5,1006.2,848,-104,16488,12.8797,80.081,HIGH,0
09:17:13,25.5,1006.2,848,-104,16488,12.8797,80.081,HIGH,0
09:17:14,25.5,1006.2,848,-104,16488,12.8797,80.081,HIGH,0
09:17:15,25.5,1006.2,848,-104,16488,12.8797,80.081,HIGH,0
09:17:16,25.5,1006.2,848,-104,16488,12.8797,80.081,HIGH,0
09:17:17,25.5,1006.2,848,-104,16488,12.8797,80.081,HIGH,0
09:17:18,25.5,1006.2,848,-104,16488,12.8797,80.081,HIGH,0
09:17:19,25.5,1006.2,848,-104,16488,12.8797,80.081,HIGH,0
09:17:20,25.5,1006.2,848,-104,16488,12.8797,80.081,HIGH,0
09:17:21,25.5,1006.2,848,-104,16488,12.8797,80.081,HIGH,0
09:17:22,25.5,1006.2,848,-104,16488,12.8797,80.081,HIGH,0
09:17:23,25.5,1006.2,848,-104,16488,12.8797,80.081,HIGH,0
09:17:24,25.5,1006.2,848,-104,16488,12.8797,80.081,HIGH,0
09:17:25,25.5,1006.2,848,-104,16488,12.8797,80.081,HIGH,0
09:17:26,25.5,1006.2,848,-104,16488,12.8797,80.081,HIGH,0
09:17:27,25.5,1006.2,848,-104,16488,12.8797,80.081,HIGH,0
09:17:28,25.5,1006.2,848,-104,16488,12.8797,80.081,HIGH,0
09:17:29,25.5,1006.2,848,-104,16488,12.8797,80.081,HIGH,0
09:17:30,25.5,1006.2,848,-104,16488,12.8797,80.081,HIGH,0
09:17:31,25.5,1006.2,848,-104,16488,12.8797,80.081,HIGH,0
09:17:32,25.5,1006.2,848,-104,16488,12.8797,80.081,HIGH,0
09:17:33,25.5,1006.2,848,-104,16488,12.8797,80.081,HIGH,0
09:17:34,25.5,1006.2,848,-104,16488,12.8797,80.081,HIGH,0
09:17:35,25.5,1006.2,848,-104,16488,12.8797,80.081,HIGH,0
09:17:36,25.5,1006.2,848,-104,16488,12.8797,80.081,HIGH,0
09:17:37,25.5,1006.2,848,-104,16488,12.8797,80.081,HIGH,0
09:17:38,25.5,1006.2,848,-104,16488,12.8797,80.081,HIGH,0
09:17:39,25.5,1006.2,848,-104,16488,12.8797,80.081,HIGH,0
09:17:40,25.5,1006.2,848,-104,16488,12.8797,80.081,HIGH,0
09:17:41,25.5,1006.2,848,-104,16488,12.8797,80.081,HIGH,0
09:17:42,25.5,1006.2,848,-104,16488,12.8797,80.081,HIGH,0
09:17:43,25.5,1006.2,848,-104,16488,12.8797,80.081,HIGH,0
09:17:44,25.5,1006.2,848,-104,16488,12.8797,80.081,HIGH,0
09:17:45,25.5,1006.2,848,-104,16488,12.8797,80.081,HIGH,0
09:17:46,25.5,1006.2,848,-104,16488,12.8797,80.081,HIGH,0
09:17:47,25.5,1006.2,848,-104,16488,12.8797,80.081,HIGH,0
09:17:48,25.5,1006.2,848,-104,16488,12.8797,80.081,HIGH,0
09:17:49,25.5,1006.2,848,-104,16488,12.8797,80.081,HIGH,0
09:17:50,25.5,1006.2,848,-104,16488,12.8797,80.081,HIGH,0
09:17:51,25.5,1006.2,848,-104,16488,12.8797,80.081,HIGH,0
09:17:52,25.5,1006.2,848,-104,16488,12.8797,80.081,HIGH,0
09:17:53,25.5,1006.2,848,-104,16488,12.8797,80.081,HIGH,0
09:17:54,25.5,1006.2,848,-104,16488,12.8797,80.081,HIGH,0
09:17:55,25.5,1006.2,848,-104,16488,12.8797,80.081,HIGH,0
09:17:56,25.5,1006.2,848,-104,16488,12.8797,80.081,HIGH,0
09:17:57,25.5,1006.2,848,-104,16488,12.8797,80.081,HIGH,0
09:17:58,25.5,1006.2,848,-104,16488,12.8797,80.081,HIGH,0
09:17:59,25.5,1006.2,848,-104,16488,12.8797,80.081,HIGH,0
09:18:00,25.5,1006.2,848,-104,16488,12.8797,80.081,HIGH,0
09:18:01,25.5,1006.2,848,-104,16488,12.8797,80.081,HIGH,0
09:18:02,25.5,1006.2,848,-104,16488,12.8797,80.081,HIGH,0
09:18:03,25.5,1006.2,848,-104,16488,12.8797,80.081,HIGH,0
09:18:04,25.5,1006.2,848,-104,16488,12.8797,80.081,HIGH,0
09:18:05,25.5,1006.2,848,-104,16488,12.8797,80.081,HIGH,0
09:18:06,25.5,1006.2,848,-104,16488,12.8797,80.081,HIGH,0
09:18:07,25.5,1006.2,848,-104,16488,12.8797,80.081,HIGH,0
09:18:08,25.5,1006.2,848,-104,16488,12.8797,80.081,HIGH,0
09:18:09,25.5,1006.2,848,-104,16488,12.8797,80.081,HIGH,0
09:18:11,25.5,1006.2,848,-104,16488,12.8797,80.081,HIGH,0
09:18:12,25.5,1006.2,848,-104,16488,12.8797,80.081,HIGH,0
09:18:13,25.5,1006.2,848,-104,16488,12.8797,80.081,HIGH,0
09:18:14,25.5,1006.2,848,-104,16488,12.8797,80.081,HIGH,0
09:18:15,25.5,1006.2,848,-104,16488,12.8797,80.081,HIGH,0
09:18:16,25.5,1006.2,848,-104,16488,12.8797,80.081,HIGH,0
09:18:17,25.5,1006.2,848,-104,16488,12.8797,80.081,HIGH,0
09:18:18,25.5,1006.2,848,-104,16488,12.8797,80.081,HIGH,0
09:18:19,25.5,1006.2,848,-104,16488,12.8797,80.081,HIGH,0
09:18:20,25.5,1006.2,848,-104,16488,12.8797,80.081,HIGH,0
09:18:21,25.5,1006.2,848,-104,16488,12.8797,80.081,HIGH,0
09:18:22,25.5,1006.2,848,-104,16488,12.8797,80.081,HIGH,0
09:18:23,25.5,1006.2,848,-104,16488,12.8797,80.081,HIGH,0
09:18:24,25.5,1006.2,848,-104,16488,12.8797,80.081,HIGH,0
09:18:25,25.5,1006.2,848,-104,16488,12.8797,80.081,HIGH,0
09:18:26,25.5,1006.2,848,-104,16488,12.8797,80.081,HIGH,0
09:18:27,25.5,1006.2,848,-104,16488,12.8797,80.081,HIGH,0
09:18:28,25.5,1006.2,848,-104,16488,12.8797,80.081,HIGH,0
09:18:29,25.5,1006.2,848,-104,16488,12.8797,80.081,HIGH,0
09:18:30,25.5,1006.2,848,-104,16488,12.8797,80.081,HIGH,0
09:18:31,25.5,1006.2,848,-104,16488,12.8797,80.081,HIGH,0
09:18:32,25.5,1006.2,848,-104,16488,12.8797,80.081,HIGH,0
09:18:33,25.5,1006.2,848,-104,16488,12.8797,80.081,HIGH,0
09:18:34,25.5,1006.2,848,-104,16488,12.8797,80.081,HIGH,0
09:18:35,25.5,1006.2,848,-104,16488,12.8797,80.081,HIGH,0
09:18:36,25.5,1006.2,848,-104,16488,12.8797,80.081,HIGH,0
09:18:37,25.5,1006.2,848,-104,16488,12.8797,80.081,HIGH,0
09:18:38,25.5,1006.2,848,-104,16488,12.8797,80.081,HIGH,0
09:18:39,25.5,1006.2,848,-104,16488,12.8797,80.081,HIGH,0
09:18:40,25.5,1006.2,848,-104,16488,12.8797,80.081,HIGH,0
09:18:41,25.5,1006.2,848,-104,16488,12.8797,80.081,HIGH,0
09:18:42,25.5,1006.2,848,-104,16488,12.8797,80.081,HIGH,0
09:18:43,25.5,1006.2,848,-104,16488,12.8797,80.081,HIGH,0
09:18:44,25.5,1006.2,848,-104,16488,12.8797,80.081,HIGH,0
09:18:45,25.5,1006.2,848,-104,16488,12.8797,80.081,HIGH,0
09:18:46,25.5,1006.2,848,-104,16488,12.8797,80.081,HIGH,0
09:18:47,25.5,1006.2,848,-104,16488,12.8797,80.081,HIGH,0
09:18:48,25.5,1006.2,848,-104,16488,12.8797,80.081,HIGH,0
09:18:49,25.5,1006.2,848,-104,16488,12.8797,80.081,HIGH,0
09:18:50,25.5,1006.2,848,-104,16488,12.8797,80.081,HIGH,0
09:18:51,25.5,1006.2,848,-104,16488,12.8797,80.081,HIGH,0
09:18:52,25.5,1006.2,848,-104,16488,12.8797,80.081,HIGH,0
09:18:53,25.5,1006.2,848,-104,16488,12.8797,80.081,HIGH,0
09:18:54,25.5,1006.2,848,-104,16488,12.8797,80.081,HIGH,0
09:18:55,25.5,1006.2,848,-104,16488,12.8797,80.081,HIGH,0
09:18:56,25.5,1006.2,848,-104,16488,12.8797,80.081,HIGH,0
09:18:57,25.5,1006.2,848,-104,16488,12.8797,80.081,HIGH,0
09:18:58,25.5,1006.2,848,-104,16488,12.8797,80.081,HIGH,0
09:18:59,25.5,1006.2,848,-104,16488,12.8797,80.081,HIGH,0
09:19:00,25.5,1006.2,848,-104,16488,12.8797,80.081,HIGH,0
09:19:01,25.5,1006.2,848,-104,16488,12.8797,80.081,HIGH,0
09:19:02,25.5,1006.2,848,-104,16488,12.8797,80.081,HIGH,0
09:19:03,25.5,1006.2,848,-104,16488,12.8797,80.081,HIGH,0
09:19:04,25.5,1006.2,848,-104,16488,12.8797,80.081,HIGH,0
09:19:05,25.5,1006.2,848,-104,16488,12.8797,80.081,HIGH,0
09:19:06,25.5,1006.2,848,-104,16488,12.8797,80.081,HIGH,0
09:19:07,25.5,1006.2,848,-104,16488,12.8797,80.081,HIGH,0
09:19:09,25.5,1006.2,848,-104,16488,12.8797,80.081,HIGH,0
09:19:10,25.5,1006.2,848,-104,16488,12.8797,80.081,HIGH,0
09:19:11,25.5,1006.2,848,-104,16488,12.8797,80.081,HIGH,0
09:19:12,25.5,1006.2,848,-104,16488,12.8797,80.081,HIGH,0
09:19:13,25.5,1006.2,848,-104,16488,12.8797,80.081,HIGH,0
09:19:14,25.5,1006.2,848,-104,16488,12.8797,80.081,HIGH,0
09:19:15,25.5,1006.2,848,-104,16488,12.8797,80.081,HIGH,0
09:19:16,25.5,1006.2,848,-104,16488,12.8797,80.081,HIGH,0
09:19:17,25.5,1006.2,848,-104,16488,12.8797,80.081,HIGH,0
09:19:18,25.5,1006.2,848,-104,16488,12.8797,80.081,HIGH,0
09:19:19,25.5,1006.2,848,-104,16488,12.8797,80.081,HIGH,0
09:19:20,25.5,1006.2,848,-104,16488,12.8797,80.081,HIGH,0
09:19:21,25.5,1006.2,848,-104,16488,12.8797,80.081,HIGH,0
09:19:22,25.5,1006.2,848,-104,16488,12.8797,80.081,HIGH,0
09:19:23,25.5,1006.2,848,-104,16488,12.8797,80.081,HIGH,0
09:19:24,25.5,1006.2,848,-104,16488,12.8797,80.081,HIGH,0
09:19:25,25.5,1006.2,848,-104,16488,12.8797,80.081,HIGH,0
09:19:26,25.5,1006.2,848,-104,16488,12.8797,80.081,HIGH,0
09:19:27,25.5,1006.2,848,-104,16488,12.8797,80.081,HIGH,0
09:19:28,25.5,1006.2,848,-104,16488,12.8797,80.081,HIGH,0
09:19:29,25.5,1006.2,848,-104,16488,12.8797,80.081,HIGH,0
09:19:30,25.5,1006.2,848,-104,16488,12.8797,80.081,HIGH,0
09:19:31,25.5,1006.2,848,-104,16488,12.8797,80.081,HIGH,0
09:19:32,25.5,1006.2,848,-104,16488,12.8797,80.081,HIGH,0
09:19:33,25.5,1006.2,848,-104,16488,12.8797,80.081,HIGH,0
09:19:34,25.5,1006.2,848,-104,16488,12.8797,80.081,HIGH,0
09:19:35,25.5,1006.2,848,-104,16488,12.8797,80.081,HIGH,0
09:19:36,25.5,1006.2,848,-104,16488,12.8797,80.081,HIGH,0
09:19:37,25.5,1006.2,848,-104,16488,12.8797,80.081,HIGH,0
09:19:38,25.5,1006.2,848,-104,16488,12.8797,80.081,HIGH,0
09:19:39,25.5,1006.2,848,-104,16488,12.8797,80.081,HIGH,0
09:19:40,25.5,1006.2,848,-104,16488,12.8797,80.081,HIGH,0
09:19:41,25.5,1006.2,848,-104,16488,12.8797,80.081,HIGH,0
09:19:42,25.5,1006.2,848,-104,16488,12.8797,80.081,HIGH,0
09:19:43,25.5,1006.2,848,-104,16488,12.8797,80.081,HIGH,0
09:19:44,25.5,1006.2,848,-104,16488,12.8797,80.081,HIGH,0
09:19:45,25.5,1006.2,848,-104,16488,12.8797,80.081,HIGH,0
09:19:46,25.5,1006.2,848,-104,16488,12.8797,80.081,HIGH,0
09:19:47,25.5,1006.2,848,-104,16488,12.8797,80.081,HIGH,0
09:19:48,25.5,1006.2,848,-104,16488,12.8797,80.081,HIGH,0
09:19:49,25.5,1006.2,848,-104,16488,12.8797,80.081,HIGH,0
09:19:50,25.5,1006.2,848,-104,16488,12.8797,80.081,HIGH,0
09:19:51,25.5,1006.2,848,-104,16488,12.8797,80.081,HIGH,0
09:19:52,25.5,1006.2,848,-104,16488,12.8797,80.081,HIGH,0
09:19:53,25.5,1006.2,848,-104,16488,12.8797,80.081,HIGH,0
09:19:54,25.5,1006.2,848,-104,16488,12.8797,80.081,HIGH,0
09:19:55,25.5,1006.2,848,-104,16488,12.8797,80.081,HIGH,0
09:19:56,25.5,1006.2,848,-104,16488,12.8797,80.081,HIGH,0
09:19:57,25.5,1006.2,848,-104,16488,12.8797,80.081,HIGH,0
09:19:58,25.5,1006.2,848,-104,16488,12.8797,80.081,HIGH,0
09:19:59,25.5,1006.2,848,-104,16488,12.8797,80.081,HIGH,0
09:20:00,25.5,1006.2,848,-104,16488,12.8797,80.081,HIGH,0
09:20:01,25.5,1006.2,848,-104,16488,12.8797,80.081,HIGH,0
09:20:02,25.5,1006.2,848,-104,16488,12.8797,80.081,HIGH,0
09:20:03,25.5,1006.2,848,-104,16488,12.8797,80.081,HIGH,0
09:20:04,25.5,1006.2,848,-104,16488,12.8797,80.081,HIGH,0
09:20:05,25.5,1006.2,848,-104,16488,12.8797,80.081,HIGH,0
09:20:06,25.5,1006.2,848,-104,16488,12.8797,80.081,HIGH,0
09:20:07,25.5,1006.2,848,-104,16488,12.8797,80.081,HIGH,0
09:20:08,25.5,1006.2,848,-104,16488,12.8797,80.081,HIGH,0
09:20:09,25.5,1006.2,848,-104,16488,12.8797,80.081,HIGH,0
09:20:10,25.5,1006.2,848,-104,16488,12.8797,80.081,HIGH,0
09:20:11,25.5,1006.2,848,-104,16488,12.8797,80.081,HIGH,0
09:20:12,25.5,1006.2,848,-104,16488,12.8797,80.081,HIGH,0
09:20:13,25.5,1006.2,848,-104,16488,12.8797,80.081,HIGH,0
09:20:14,25.5,1006.2,848,-104,16488,12.8797,80.081,HIGH,0
09:20:16,25.5,1006.2,848,-104,16488,12.8797,80.081,HIGH,0
09:20:17,25.5,1006.2,848,-104,16488,12.8797,80.081,HIGH,0
09:20:18,25.5,1006.2,848,-104,16488,12.8797,80.081,HIGH,0
09:20:19,25.5,1006.2,848,-104,16488,12.8797,80.081,HIGH,0
09:20:20,25.5,1006.2,848,-104,16488,12.8797,80.081,HIGH,0
09:20:21,25.5,1006.2,848,-104,16488,12.8797,80.081,HIGH,0
09:20:22,25.5,1006.2,848,-104,16488,12.8797,80.081,HIGH,0
09:20:23,25.5,1006.2,848,-104,16488,12.8797,80.081,HIGH,0
09:20:24,25.5,1006.2,848,-104,16488,12.8797,80.081,HIGH,0
09:20:25,25.5,1006.2,848,-104,16488,12.8797,80.081,HIGH,0
09:20:26,25.5,1006.2,848,-104,16488,12.8797,80.081,HIGH,0
09:20:27,25.5,1006.2,848,-104,16488,12.8797,80.081,HIGH,0
09:20:28,25.5,1006.2,848,-104,16488,12.8797,80.081,HIGH,0
09:20:29,25.5,1006.2,848,-104,16488,12.8797,80.081,HIGH,0
09:20:30,25.5,1006.2,848,-104,16488,12.8797,80.081,HIGH,0
09:20:31,25.5,1006.2,848,-104,16488,12.8797,80.081,HIGH,0
09:20:32,25.5,1006.2,848,-104,16488,12.8797,80.081,HIGH,0
09:20:33,25.5,1006.2,848,-104,16488,12.8797,80.081,HIGH,0
09:20:34,25.5,1006.2,848,-104,16488,12.8797,80.081,HIGH,0
09:20:35,25.5,1006.2,848,-104,16488,12.8797,80.081,HIGH,0
09:20:36,25.5,1006.2,848,-104,16488,12.8797,80.081,HIGH,0
09:20:37,25.5,1006.2,848,-104,16488,12.8797,80.081,HIGH,0
09:20:38,25.5,1006.2,848,-104,16488,12.8797,80.081,HIGH,0
09:20:39,25.5,1006.2,848,-104,16488,12.8797,80.081,HIGH,0
09:20:40,25.5,1006.2,848,-104,16488,12.8797,80.081,HIGH,0
09:20:41,25.5,1006.2,848,-104,16488,12.8797,80.081,HIGH,0
09:20:42,25.5,1006.2,848,-104,16488,12.8797,80.081,HIGH,0
09:20:43,25.5,1006.2,848,-104,16488,12.8797,80.081,HIGH,0
09:20:44,25.5,1006.2,848,-104,16488,12.8797,80.081,HIGH,0
09:20:45,25.5,1006.2,848,-104,16488,12.8797,80.081,HIGH,0
09:20:46,25.5,1006.2,848,-104,16488,12.8797,80.081,HIGH,0
09:20:47,25.5,1006.2,848,-104,16488,12.8797,80.081,HIGH,0
09:20:48,25.5,1006.2,848,-104,16488,12.8797,80.081,HIGH,0
09:20:49,25.5,1006.2,848,-104,16488,12.8797,80.081,HIGH,0
09:20:50,25.5,1006.2,848,-104,16488,12.8797,80.081,HIGH,0
09:20:51,25.5,1006.2,848,-104,16488,12.8797,80.081,HIGH,0
09:20:52,25.5,1006.2,848,-104,16488,12.8797,80.081,HIGH,0
09:20:53,25.5,1006.2,848,-104,16488,12.8797,80.081,HIGH,0
09:20:54,25.5,1006.2,848,-104,16488,12.8797,80.081,HIGH,0
09:20:55,25.5,1006.2,848,-104,16488,12.8797,80.081,HIGH,0
09:20:56,25.5,1006.2,848,-104,16488,12.8797,80.081,HIGH,0
09:20:57,25.5,1006.2,848,-104,16488,12.8797,80.081,HIGH,0
09:20:58,25.5,1006.2,848,-104,16488,12.8797,80.081,HIGH,0
09:20:59,25.5,1006.2,848,-104,16488,12.8797,80.081,HIGH,0
09:21:00,25.5,1006.2,848,-104,16488,12.8797,80.081,HIGH,0
09:21:01,25.5,1006.2,848,-104,16488,12.8797,80.081,HIGH,0
09:21:02,25.5,1006.2,848,-104,16488,12.8797,80.081,HIGH,0
09:21:18,23.5,1006.4,888,-192,16464,12.8797,80.081,LOW,0
09:21:19,23.5,1006.4,888,-192,16464,12.8797,80.081,LOW,0
09:21:20,23.5,1006.4,888,-192,16464,12.8797,80.081,LOW,0
09:21:21,23.5,1006.4,888,-192,16464,12.8797,80.081,LOW,0
09:21:22,23.5,1006.3,876,-204,16480,12.8797,80.081,LOW,0
09:21:23,23.5,1006.3,876,-204,16480,12.8797,80.081,LOW,0
09:21:24,23.5,1006.3,876,-204,16480,12.8797,80.081,LOW,0
09:21:25,23.5,1006.3,876,-204,16480,12.8797,80.081,LOW,0
09:21:26,23.5,1006.3,944,-200,16424,12.8797,80.081,LOW,0
09:21:27,23.5,1006.3,944,-200,16424,12.8797,80.081,LOW,0
09:21:28,23.5,1006.3,944,-200,16424,12.8797,80.081,LOW,0
09:21:29,23.5,1006.3,944,-200,16424,12.8797,80.081,LOW,0
09:21:30,23.5,1006.3,920,-156,16416,12.8797,80.081,LOW,0
09:21:31,23.5,1006.3,920,-156,16416,12.8797,80.081,LOW,0
09:21:32,23.5,1006.3,920,-156,16416,12.8797,80.081,LOW,0
09:21:33,23.5,1006.3,920,-156,16416,12.8797,80.081,LOW,0
09:21:34,23.5,1006.3,932,-172,16448,12.8797,80.081,LOW,0
09:21:35,23.5,1006.3,932,-172,16448,12.8797,80.081,LOW,0
09:21:36,23.5,1006.3,932,-172,16448,12.8797,80.081,LOW,0
09:21:37,23.5,1006.3,932,-172,16448,12.8797,80.081,LOW,0
09:21:38,23.5,1006.3,952,-168,16368,12.8797,80.081,LOW,0
09:21:39,23.5,1006.3,952,-168,16368,12.8797,80.081,LOW,0
09:21:40,23.5,1006.3,952,-168,16368,12.8797,80.081,LOW,0
09:21:41,23.5,1006.3,952,-168,16368,12.8797,80.081,LOW,0
09:21:42,23.5,1006.3,884,-168,16540,12.8797,80.081,LOW,0
09:21:43,23.5,1006.3,884,-168,16540,12.8797,80.081,LOW,0
09:21:44,23.5,1006.3,884,-168,16540,12.8797,80.081,LOW,0
09:21:45,23.5,1006.3,884,-168,16540,12.8797,80.081,LOW,0
09:21:46,23.4,1006.3,940,-200,16544,12.8797,80.081,LOW,0
09:21:48,23.4,1006.3,940,-200,16544,12.8797,80.081,LOW,0
09:21:49,23.4,1006.3,940,-200,16544,12.8797,80.081,LOW,0
09:21:50,23.4,1006.3,940,-200,16544,12.8797,80.081,LOW,0
09:21:51,23.4,1006.4,940,-208,16468,12.8797,80.081,LOW,0
09:21:52,23.4,1006.4,940,-208,16468,12.8797,80.081,LOW,0
09:21:53,23.4,1006.4,940,-208,16468,12.8797,80.081,LOW,0
09:21:54,23.4,1006.4,940,-208,16468,12.8797,80.081,LOW,0
09:21:55,23.4,1006.3,976,-224,16408,12.8797,80.081,LOW,0
09:21:56,23.4,1006.3,976,-224,16408,12.8797,80.081,LOW,0
09:21:57,23.4,1006.3,976,-224,16408,12.8797,80.081,LOW,0
09:21:58,23.4,1006.3,976,-224,16408,12.8797,80.081,LOW,0
09:21:59,23.4,1006.3,896,-144,16432,12.8797,80.081,LOW,0
09:22:00,23.4,1006.3,896,-144,16432,12.8797,80.081,LOW,0
09:22:01,23.4,1006.3,896,-144,16432,12.8797,80.081,LOW,0
09:22:02,23.4,1006.3,896,-144,16432,12.8797,80.081,LOW,0
09:22:03,23.4,1006.3,744,12,16516,12.8797,80.081,LOW,0
09:22:04,23.4,1006.3,744,12,16516,12.8797,80.081,LOW,0
09:22:05,23.4,1006.3,744,12,16516,12.8797,80.081,LOW,0
09:22:06,23.4,1006.3,744,12,16516,12.8797,80.081,LOW,0
09:22:07,23.4,1006.3,1088,-136,16392,12.8797,80.081,LOW,0
09:22:08,23.4,1006.3,1088,-136,16392,12.8797,80.081,LOW,0
09:22:09,23.4,1006.3,1088,-136,16392,12.8797,80.081,LOW,0
09:22:10,23.4,1006.3,1088,-136,16392,12.8797,80.081,LOW,0
09:22:11,23.4,1006.3,908,-208,16496,12.8797,80.081,LOW,0
09:22:12,23.4,1006.3,908,-208,16496,12.8797,80.081,LOW,0
09:22:13,23.4,1006.3,908,-208,16496,12.8797,80.081,LOW,0
09:22:14,23.4,1006.3,908,-208,16496,12.8797,80.081,LOW,0
09:22:15,23.4,1006.3,880,-200,16412,12.8797,80.081,LOW,0
09:22:16,23.4,1006.3,880,-200,16412,12.8797,80.081,LOW,0
09:22:17,23.4,1006.3,880,-200,16412,12.8797,80.081,LOW,0
09:22:18,23.4,1006.3,880,-200,16412,12.8797,80.081,LOW,0
09:22:19,23.4,1006.3,920,-152,16344,12.8797,80.081,LOW,0
09:22:20,23.4,1006.3,920,-152,16344,12.8797,80.081,LOW,0
09:22:21,23.4,1006.3,920,-152,16344,12.8797,80.081,LOW,0
09:22:22,23.4,1006.3,920,-152,16344,12.8797,80.081,LOW,0
09:22:23,23.4,1006.3,920,-140,16492,12.8797,80.081,LOW,0
09:22:24,23.4,1006.3,920,-140,16492,12.8797,80.081,LOW,0
09:22:25,23.4,1006.3,920,-140,16492,12.8797,80.081,LOW,0
09:22:27,23.4,1006.3,920,-140,16492,12.8797,80.081,LOW,0
09:22:28,23.4,1006.3,928,-236,16520,12.8797,80.081,LOW,0
09:22:29,23.4,1006.3,928,-236,16520,12.8797,80.081,LOW,0
09:22:30,23.4,1006.3,928,-236,16520,12.8797,80.081,LOW,0
09:22:31,23.4,1006.3,928,-236,16520,12.8797,80.081,LOW,0
09:22:32,23.4,1006.3,912,-152,16540,12.8797,80.081,LOW,0
09:22:33,23.4,1006.3,912,-152,16540,12.8797,80.081,LOW,0
09:22:34,23.4,1006.3,912,-152,16540,12.8797,80.081,LOW,0
09:22:35,23.4,1006.3,912,-152,16540,12.8797,80.081,LOW,0
09:22:36,23.4,1006.3,988,-240,16500,12.8797,80.081,LOW,0
09:22:37,23.4,1006.3,988,-240,16500,12.8797,80.081,LOW,0
09:22:38,23.4,1006.3,988,-240,16500,12.8797,80.081,LOW,0
09:22:39,23.4,1006.3,988,-240,16500,12.8797,80.081,LOW,0
09:22:40,23.4,1006.3,956,-204,16420,12.8797,80.081,LOW,0
09:22:41,23.4,1006.3,956,-204,16420,12.8797,80.081,LOW,0
09:22:42,23.4,1006.3,956,-204,16420,12.8797,80.081,LOW,0
09:22:43,23.4,1006.3,956,-204,16420,12.8797,80.081,LOW,0
09:22:44,23.4,1006.3,860,-208,16460,12.8797,80.081,LOW,0
09:22:45,23.4,1006.3,860,-208,16460,12.8797,80.081,LOW,0
09:22:46,23.4,1006.3,860,-208,16460,12.8797,80.081,LOW,0
09:22:47,23.4,1006.3,860,-208,16460,12.8797,80.081,LOW,0
09:22:48,23.4,1006.3,904,-260,16508,12.8797,80.081,LOW,0
09:22:49,23.4,1006.3,904,-260,16508,12.8797,80.081,LOW,0
09:22:50,23.4,1006.3,904,-260,16508,12.8797,80.081,LOW,0
09:22:51,23.4,1006.3,904,-260,16508,12.8797,80.081,LOW,0
09:22:52,23.4,1006.3,960,-220,16292,12.8797,80.081,LOW,0
09:22:53,23.4,1006.3,960,-220,16292,12.8797,80.081,LOW,0
09:22:54,23.4,1006.3,960,-220,16292,12.8797,80.081,LOW,0
09:22:55,23.4,1006.3,960,-220,16292,12.8797,80.081,LOW,0
09:22:56,23.4,1006.3,944,-216,16420,12.8797,80.081,LOW,0
09:22:57,23.4,1006.3,944,-216,16420,12.8797,80.081,LOW,0
09:22:58,23.4,1006.3,944,-216,16420,12.8797,80.081,LOW,0
09:22:59,23.4,1006.3,944,-216,16420,12.8797,80.081,LOW,0
09:23:00,23.4,1006.3,972,-160,16472,12.8797,80.081,LOW,0
09:23:01,23.4,1006.3,972,-160,16472,12.8797,80.081,LOW,0
09:23:02,23.4,1006.3,972,-160,16472,12.8797,80.081,LOW,0
09:23:03,23.4,1006.3,972,-160,16472,12.8797,80.081,LOW,0
09:23:04,23.4,1006.3,984,260,16528,12.8797,80.081,LOW,0
09:23:05,23.4,1006.3,984,260,16528,12.8797,80.081,LOW,0
09:23:06,23.4,1006.3,984,260,16528,12.8797,80.081,LOW,0
09:23:07,23.4,1006.3,984,260,16528,12.8797,80.081,LOW,0
09:23:09,23.4,1006.3,952,-208,16468,12.8797,80.081,LOW,0
09:23:10,23.4,1006.3,952,-208,16468,12.8797,80.081,LOW,0
09:23:11,23.4,1006.3,952,-208,16468,12.8797,80.081,LOW,0
09:23:12,23.4,1006.3,952,-208,16468,12.8797,80.081,LOW,0
09:23:13,23.4,1006.3,892,-196,16404,12.8797,80.081,LOW,0
09:23:14,23.4,1006.3,892,-196,16404,12.8797,80.081,LOW,0
09:23:15,23.4,1006.3,892,-196,16404,12.8797,80.081,LOW,0
09:23:16,23.4,1006.3,892,-196,16404,12.8797,80.081,LOW,0
09:23:17,23.4,1006.2,904,-220,16324,12.8797,80.081,LOW,0
09:23:18,23.4,1006.2,904,-220,16324,12.8797,80.081,LOW,0
09:23:19,23.4,1006.2,904,-220,16324,12.8797,80.081,LOW,0
09:23:20,23.4,1006.2,904,-220,16324,12.8797,80.081,LOW,0
09:23:21,23.4,1006.3,952,-196,16336,12.8797,80.081,LOW,0
09:23:22,23.4,1006.3,952,-196,16336,12.8797,80.081,LOW,0
09:23:23,23.4,1006.3,952,-196,16336,12.8797,80.081,LOW,0
09:23:24,23.4,1006.3,952,-196,16336,12.8797,80.081,LOW,0
09:23:25,23.4,1006.3,956,-196,16400,12.8797,80.081,LOW,0
09:23:26,23.4,1006.3,956,-196,16400,12.8797,80.081,LOW,0
09:23:27,23.4,1006.3,956,-196,16400,12.8797,80.081,LOW,0
09:23:28,23.4,1006.3,956,-196,16400,12.8797,80.081,LOW,0
09:23:29,23.4,1006.3,884,-164,16436,12.8797,80.081,LOW,0
09:23:30,23.4,1006.3,884,-164,16436,12.8797,80.081,LOW,0
09:23:31,23.4,1006.3,884,-164,16436,12.8797,80.081,LOW,0
09:23:32,23.4,1006.3,884,-164,16436,12.8797,80.081,LOW,0
09:23:33,23.5,1006.3,908,-216,16436,12.8797,80.081,LOW,0
09:23:34,23.5,1006.3,908,-216,16436,12.8797,80.081,LOW,0
09:23:35,23.5,1006.3,908,-216,16436,12.8797,80.081,LOW,0
09:23:36,23.5,1006.3,908,-216,16436,12.8797,80.081,LOW,0
09:23:37,23.5,1006.3,1004,-204,16332,12.8797,80.081,LOW,0
09:23:38,23.5,1006.3,1004,-204,16332,12.8797,80.081,LOW,0
09:23:40,23.5,1006.3,1004,-204,16332,12.8797,80.081,LOW,0
09:23:41,23.5,1006.3,1004,-204,16332,12.8797,80.081,LOW,0
09:23:42,23.4,1006.3,896,-180,16476,12.8797,80.081,LOW,0
09:23:43,23.4,1006.3,896,-180,16476,12.8797,80.081,LOW,0
09:23:44,23.4,1006.3,896,-180,16476,12.8797,80.081,LOW,0
09:23:45,23.4,1006.3,896,-180,16476,12.8797,80.081,LOW,0
09:23:46,23.4,1006.3,924,-180,16500,12.8797,80.081,LOW,0
09:23:47,23.4,1006.3,924,-180,16500,12.8797,80.081,LOW,0
09:23:48,23.4,1006.3,924,-180,16500,12.8797,80.081,LOW,0
09:23:49,23.4,1006.3,924,-180,16500,12.8797,80.081,LOW,0
09:23:50,23.4,1006.3,980,-192,16424,12.8797,80.081,LOW,0
09:23:51,23.4,1006.3,980,-192,16424,12.8797,80.081,LOW,0
09:23:52,23.4,1006.3,980,-192,16424,12.8797,80.081,LOW,0
09:23:53,23.4,1006.3,980,-192,16424,12.8797,80.081,LOW,0
09:23:54,23.4,1006.3,936,-164,16456,12.8797,80.081,LOW,0
09:23:55,23.4,1006.3,936,-164,16456,12.8797,80.081,LOW,0
09:23:56,23.4,1006.3,936,-164,16456,12.8797,80.081,LOW,0
09:23:57,23.4,1006.3,936,-164,16456,12.8797,80.081,LOW,0
09:23:58,23.4,1006.3,996,-192,16448,12.8797,80.081,LOW,0
09:23:59,23.4,1006.3,996,-192,16448,12.8797,80.081,LOW,0
09:24:00,23.4,1006.3,996,-192,16448,12.8797,80.081,LOW,0
09:24:01,23.4,1006.3,996,-192,16448,12.8797,80.081,LOW,0
09:24:02,23.4,1006.3,900,-160,16472,12.8797,80.081,LOW,0
09:24:03,23.4,1006.3,900,-160,16472,12.8797,80.081,LOW,0
09:24:04,23.4,1006.3,900,-160,16472,12.8797,80.081,LOW,0
09:24:05,23.4,1006.3,900,-160,16472,12.8797,80.081,LOW,0
09:24:06,23.4,1006.3,940,-248,16444,12.8797,80.081,LOW,0
09:24:07,23.4,1006.3,940,-248,16444,12.8797,80.081,LOW,0
09:24:08,23.4,1006.3,940,-248,16444,12.8797,80.081,LOW,0
09:24:09,23.4,1006.3,940,-248,16444,12.8797,80.081,LOW,0
09:24:10,23.4,1006.3,900,-196,16420,12.8797,80.081,LOW,0
09:24:11,23.4,1006.3,900,-196,16420,12.8797,80.081,LOW,0
09:24:12,23.4,1006.3,900,-196,16420,12.8797,80.081,LOW,0
09:24:13,23.4,1006.3,900,-196,16420,12.8797,80.081,LOW,0
09:24:15,23.3,1006.3,916,-132,16456,12.8797,80.081,LOW,0
09:24:16,23.3,1006.3,916,-132,16456,12.8797,80.081,LOW,0
09:24:17,23.3,1006.3,916,-132,16456,12.8797,80.081,LOW,0
09:24:18,23.3,1006.3,916,-132,16456,12.8797,80.081,LOW,0
09:24:19,23.3,1006.3,912,-224,16272,12.8797,80.081,LOW,0
09:24:20,23.3,1006.3,912,-224,16272,12.8797,80.081,LOW,0
09:24:21,23.3,1006.3,912,-224,16272,12.8797,80.081,LOW,0
09:24:22,23.3,1006.3,912,-224,16272,12.8797,80.081,LOW,0
09:24:23,23.3,1006.3,932,-128,16456,12.8797,80.081,LOW,0
09:24:24,23.3,1006.3,932,-128,16456,12.8797,80.081,LOW,0
09:24:25,23.3,1006.3,932,-128,16456,12.8797,80.081,LOW,0
09:24:26,23.3,1006.3,932,-128,16456,12.8797,80.081,LOW,0
09:24:27,23.3,1006.3,972,-192,16480,12.8797,80.081,LOW,0
09:24:28,23.3,1006.3,972,-192,16480,12.8797,80.081,LOW,0
09:24:29,23.3,1006.3,972,-192,16480,12.8797,80.081,LOW,0
09:24:30,23.3,1006.3,972,-192,16480,12.8797,80.081,LOW,0
09:24:31,23.4,1006.3,956,-132,16516,12.8797,80.081,LOW,0
09:24:32,23.4,1006.3,956,-132,16516,12.8797,80.081,LOW,0
09:24:33,23.4,1006.3,956,-132,16516,12.8797,80.081,LOW,0
09:24:34,23.4,1006.3,956,-132,16516,12.8797,80.081,LOW,0
09:24:35,23.4,1006.3,948,-164,16448,12.8797,80.081,LOW,0
09:24:36,23.4,1006.3,948,-164,16448,12.8797,80.081,LOW,0
09:24:37,23.4,1006.3,948,-164,16448,12.8797,80.081,LOW,0
09:24:38,23.4,1006.3,948,-164,16448,12.8797,80.081,LOW,0
09:24:39,23.4,1006.2,984,-136,16488,12.8797,80.081,LOW,0
09:24:40,23.4,1006.2,984,-136,16488,12.8797,80.081,LOW,0
09:24:41,23.4,1006.2,984,-136,16488,12.8797,80.081,LOW,0
09:24:42,23.4,1006.2,984,-136,16488,12.8797,80.081,LOW,0
09:24:43,23.4,1006.2,956,-192,16384,12.8797,80.081,LOW,0
09:24:44,23.4,1006.2,956,-192,16384,12.8797,80.081,LOW,0
09:24:45,23.4,1006.2,956,-192,16384,12.8797,80.081,LOW,0
09:24:47,23.4,1006.2,956,-192,16384,12.8797,80.081,LOW,0
09:24:48,23.3,1006.2,960,-212,16444,12.8797,80.081,LOW,0
09:24:49,23.3,1006.2,960,-212,16444,12.8797,80.081,LOW,0
09:24:50,23.3,1006.2,960,-212,16444,12.8797,80.081,LOW,0
09:24:51,23.3,1006.2,960,-212,16444,12.8797,80.081,LOW,0
09:24:52,23.3,1006.2,948,-172,16484,12.8797,80.081,LOW,0
09:24:53,23.3,1006.2,948,-172,16484,12.8797,80.081,LOW,0
09:24:54,23.3,1006.2,948,-172,16484,12.8797,80.081,LOW,0
09:24:55,23.3,1006.2,948,-172,16484,12.8797,80.081,LOW,0
09:24:56,23.3,1006.3,932,-184,16352,12.8797,80.081,LOW,0
09:24:57,23.3,1006.3,932,-184,16352,12.8797,80.081,LOW,0
09:24:58,23.3,1006.3,932,-184,16352,12.8797,80.081,LOW,0
09:24:59,23.3,1006.3,932,-184,16352,12.8797,80.081,LOW,0
09:25:00,23.3,1006.2,936,-228,16428,12.8797,80.081,LOW,0
09:25:01,23.3,1006.2,936,-228,16428,12.8797,80.081,LOW,0
09:25:02,23.3,1006.2,936,-228,16428,12.8797,80.081,LOW,0
09:25:03,23.3,1006.2,936,-228,16428,12.8797,80.081,LOW,0
09:25:04,23.3,1006.2,924,-152,16472,12.8797,80.081,LOW,0
09:25:05,23.3,1006.2,924,-152,16472,12.8797,80.081,LOW,0
09:25:06,23.3,1006.2,924,-152,16472,12.8797,80.081,LOW,0
09:25:07,23.3,1006.2,924,-152,16472,12.8797,80.081,LOW,0
09:25:08,23.3,1006.3,952,-236,16496,12.8797,80.081,LOW,0
09:25:09,23.3,1006.3,952,-236,16496,12.8797,80.081,LOW,0
09:25:10,23.3,1006.3,952,-236,16496,12.8797,80.081,LOW,0
09:25:11,23.3,1006.3,952,-236,16496,12.8797,80.081,LOW,0
09:25:12,23.3,1006.2,964,-220,16460,12.8797,80.081,LOW,0
09:25:14,23.3,1006.2,964,-220,16460,12.8797,80.081,LOW,0
09:25:15,23.3,1006.2,964,-220,16460,12.8797,80.081,LOW,0
09:25:16,23.3,1006.2,964,-220,16460,12.8797,80.081,LOW,0
09:25:17,23.3,1006.2,916,-184,16500,12.8797,80.081,LOW,0
09:25:18,23.3,1006.2,916,-184,16500,12.8797,80.081,LOW,0
09:25:19,23.3,1006.2,916,-184,16500,12.8797,80.081,LOW,0
09:25:20,23.3,1006.2,916,-184,16500,12.8797,80.081,LOW,0
09:25:21,23.3,1006.2,924,-164,16456,12.8797,80.081,LOW,0
09:25:22,23.3,1006.2,924,-164,16456,12.8797,80.081,LOW,0
09:25:23,23.3,1006.2,924,-164,16456,12.8797,80.081,LOW,0
09:25:24,23.3,1006.2,924,-164,16456,12.8797,80.081,LOW,0
09:25:25,23.3,1006.2,928,-192,16408,12.8797,80.081,LOW,0
09:25:26,23.3,1006.2,928,-192,16408,12.8797,80.081,LOW,0
09:25:27,23.3,1006.2,928,-192,16408,12.8797,80.081,LOW,0
09:25:28,23.3,1006.2,928,-192,16408,12.8797,80.081,LOW,0
09:25:29,23.3,1006.3,928,-216,16452,12.8797,80.081,LOW,0
09:25:30,23.3,1006.3,928,-216,16452,12.8797,80.081,LOW,0
09:25:31,23.3,1006.3,928,-216,16452,12.8797,80.081,LOW,0
09:25:32,23.3,1006.3,928,-216,16452,12.8797,80.081,LOW,0
09:25:33,23.3,1006.2,888,-140,16368,12.8797,80.081,LOW,0
09:25:34,23.3,1006.2,888,-140,16368,12.8797,80.081,LOW,0
09:25:35,23.3,1006.2,888,-140,16368,12.8797,80.081,LOW,0
09:25:36,23.3,1006.2,888,-140,16368,12.8797,80.081,LOW,0
09:25:37,23.3,1006.2,896,-172,16452,12.8797,80.081,LOW,0
09:25:38,23.3,1006.2,896,-172,16452,12.8797,80.081,LOW,0
09:25:39,23.3,1006.2,896,-172,16452,12.8797,80.081,LOW,0
09:25:40,23.3,1006.2,896,-172,16452,12.8797,80.081,LOW,0
09:25:41,23.3,1006.2,912,-180,16520,12.8797,80.081,LOW,0
09:25:42,23.3,1006.2,912,-180,16520,12.8797,80.081,LOW,0
09:25:43,23.3,1006.2,912,-180,16520,12.8797,80.081,LOW,0
09:25:44,23.3,1006.2,912,-180,16520,12.8797,80.081,LOW,0
09:25:45,23.3,1006.2,940,-168,16412,12.8797,80.081,LOW,0
09:25:46,23.3,1006.2,940,-168,16412,12.8797,80.081,LOW,0
09:25:47,23.3,1006.2,940,-168,16412,12.8797,80.081,LOW,0
09:25:48,23.3,1006.2,940,-168,16412,12.8797,80.081,LOW,0
09:25:49,23.3,1006.2,976,-136,16296,12.8797,80.081,LOW,0
09:25:50,23.3,1006.2,976,-136,16296,12.8797,80.081,LOW,0
09:25:51,23.3,1006.2,976,-136,16296,12.8797,80.081,LOW,0
09:25:52,23.3,1006.2,976,-136,16296,12.8797,80.081,LOW,0
09:25:53,23.3,1006.2,896,-164,16452,12.8797,80.081,LOW,0
09:25:54,23.3,1006.2,896,-164,16452,12.8797,80.081,LOW,0
09:25:55,23.3,1006.2,896,-164,16452,12.8797,80.081,LOW,0
09:25:56,23.3,1006.2,896,-164,16452,12.8797,80.081,LOW,0
09:25:57,23.4,1006.2,1052,-304,16480,12.8797,80.081,LOW,0
09:25:58,23.4,1006.2,1052,-304,16480,12.8797,80.081,LOW,0
09:25:59,23.4,1006.2,1052,-304,16480,12.8797,80.081,LOW,0
09:26:00,23.4,1006.2,1052,-304,16480,12.8797,80.081,LOW,0
09:26:01,23.4,1006.3,932,-168,16484,12.8797,80.081,LOW,0
09:26:02,23.4,1006.3,932,-168,16484,12.8797,80.081,LOW,0
09:26:03,23.4,1006.3,932,-168,16484,12.8797,80.081,LOW,0
09:26:04,23.4,1006.3,932,-168,16484,12.8797,80.081,LOW,0
09:26:05,23.4,1006.2,892,-144,16400,12.8797,80.081,LOW,0
09:26:06,23.4,1006.2,892,-144,16400,12.8797,80.081,LOW,0
09:26:07,23.4,1006.2,892,-144,16400,12.8797,80.081,LOW,0
09:26:09,23.4,1006.2,892,-144,16400,12.8797,80.081,LOW,0
09:26:10,23.3,1006.2,800,-156,16564,12.8797,80.081,LOW,0
09:26:11,23.3,1006.2,800,-156,16564,12.8797,80.081,LOW,0
09:26:12,23.3,1006.2,800,-156,16564,12.8797,80.081,LOW,0
09:26:13,23.3,1006.2,800,-156,16564,12.8797,80.081,LOW,0
09:26:14,23.3,1006.2,1720,-1356,14088,12.8797,80.081,LOW,0
09:26:15,23.3,1006.2,1720,-1356,14088,12.8797,80.081,LOW,0
09:26:16,23.3,1006.2,1720,-1356,14088,12.8797,80.081,LOW,0
09:26:17,23.3,1006.2,1720,-1356,14088,12.8797,80.081,LOW,0
09:26:18,23.4,1006.2,3812,-232,16948,12.8797,80.081,LOW,0
09:26:19,23.4,1006.2,3812,-232,16948,12.8797,80.081,LOW,0
09:26:20,23.4,1006.2,3812,-232,16948,12.8797,80.081,LOW,0
09:26:21,23.4,1006.2,3812,-232,16948,12.8797,80.081,LOW,0
09:26:22,23.4,1006.2,3812,-232,16948,12.8797,80.081,LOW,0
09:26:23,23.4,1006.2,3812,-232,16948,12.8797,80.081,LOW,0
09:26:24,23.4,1006.2,3812,-232,16948,12.8797,80.081,LOW,0
09:26:25,23.4,1006.2,3812,-232,16948,12.8797,80.081,LOW,0
09:26:26,23.4,1006.2,2128,-4944,15456,12.8797,80.081,LOW,0
09:26:27,23.4,1006.2,2128,-4944,15456,12.8797,80.081,LOW,0
09:26:28,23.4,1006.2,2128,-4944,15456,12.8797,80.081,LOW,0
09:26:29,23.4,1006.2,2128,-4944,15456,12.8797,80.081,LOW,0
09:26:30,23.4,1006.2,6944,-4012,-9308,12.8797,80.081,LOW,0
09:26:31,23.4,1006.2,6944,-4012,-9308,12.8797,80.081,LOW,0
09:26:32,23.4,1006.2,6944,-4012,-9308,12.8797,80.081,LOW,0
09:26:33,23.4,1006.2,6944,-4012,-9308,12.8797,80.081,LOW,0
09:26:34,23.5,1006.3,9796,-116,-13272,12.8797,80.081,LOW,0
09:26:35,23.5,1006.3,9796,-116,-13272,12.8797,80.081,LOW,0
09:26:36,23.5,1006.3,9796,-116,-13272,12.8797,80.081,LOW,0
09:26:37,23.5,1006.3,9796,-116,-13272,12.8797,80.081,LOW,0
09:26:38,23.5,1006.2,3612,-432,-7072,12.8797,80.081,LOW,0
09:26:39,23.5,1006.2,3612,-432,-7072,12.8797,80.081,MEDIUM,0
09:26:40,23.5,1006.2,3612,-432,-7072,12.8797,80.081,MEDIUM,0
09:26:41,23.5,1006.2,3612,-432,-7072,12.8797,80.081,MEDIUM,0
09:26:42,23.5,1006.3,10160,-776,-14684,12.8797,80.081,MEDIUM,0
09:26:43,23.5,1006.3,10160,-776,-14684,12.8797,80.081,MEDIUM,0
09:26:44,23.5,1006.3,10160,-776,-14684,12.8797,80.081,MEDIUM,0
09:26:45,23.5,1006.3,10160,-776,-14684,12.8797,80.081,MEDIUM,0
09:26:46,23.5,1006.2,9884,-1064,-13708,12.8797,80.081,MEDIUM,0
09:26:47,23.5,1006.2,9884,-1064,-13708,12.8797,80.081,LOW,0
09:26:48,23.5,1006.2,9884,-1064,-13708,12.8797,80.081,LOW,0
09:26:49,23.5,1006.2,9884,-1064,-13708,12.8797,80.081,LOW,0
09:26:50,23.5,1006.1,8304,-1532,-14832,12.8797,80.081,LOW,0
09:26:51,23.5,1006.1,8304,-1532,-14832,12.8797,80.081,LOW,0
09:26:52,23.5,1006.1,8304,-1532,-14832,12.8797,80.081,LOW,0
09:26:53,23.5,1006.1,8304,-1532,-14832,12.8797,80.081,LOW,0
09:26:54,23.5,1006.1,1800,-2264,14528,12.8797,80.081,LOW,0
09:26:55,23.5,1006.1,1800,-2264,14528,12.8797,80.081,LOW,0
09:26:56,23.5,1006.1,1800,-2264,14528,12.8797,80.081,LOW,0
09:26:57,23.5,1006.1,1800,-2264,14528,12.8797,80.081,LOW,0
09:26:58,23.5,1006.1,328,-924,15756,12.8797,80.081,LOW,0
09:26:59,23.5,1006.1,328,-924,15756,12.8797,80.081,LOW,0
09:27:00,23.5,1006.1,328,-924,15756,12.8797,80.081,LOW,0
09:27:01,23.5,1006.1,328,-924,15756,12.8797,80.081,LOW,0
09:27:02,23.6,1006.1,1936,-3372,15700,12.8797,80.081,LOW,0
09:27:03,23.6,1006.1,1936,-3372,15700,12.8797,80.081,LOW,0
09:27:04,23.6,1006.1,1936,-3372,15700,12.8797,80.081,LOW,0
09:27:05,23.6,1006.1,1936,-3372,15700,12.8797,80.081,LOW,0
09:27:06,23.6,1006.1,4220,-1920,15472,12.8797,80.081,LOW,0
09:27:07,23.6,1006.1,4220,-1920,15472,12.8797,80.081,LOW,0
09:27:08,23.6,1006.1,4220,-1920,15472,12.8797,80.081,LOW,0
09:27:09,23.6,1006.1,4220,-1920,15472,12.8797,80.081,LOW,0
09:27:11,23.6,1006.1,4168,-2720,15756,12.8797,80.081,LOW,0
09:27:12,23.6,1006.1,4168,-2720,15756,12.8797,80.081,LOW,0
09:27:13,23.6,1006.1,4168,-2720,15756,12.8797,80.081,LOW,0
09:27:14,23.6,1006.1,4168,-2720,15756,12.8797,80.081,LOW,0
09:27:15,23.6,1006.1,3920,-1672,15492,12.8797,80.081,LOW,0
09:27:16,23.6,1006.1,3920,-1672,15492,12.8797,80.081,LOW,0
09:27:17,23.6,1006.1,3920,-1672,15492,12.8797,80.081,LOW,0
09:27:18,23.6,1006.1,3920,-1672,15492,12.8797,80.081,LOW,0
09:27:19,23.6,1006.1,3852,-2284,15840,12.8797,80.081,LOW,0
09:27:20,23.6,1006.1,3852,-2284,15840,12.8797,80.081,LOW,0
09:27:21,23.6,1006.1,3852,-2284,15840,12.8797,80.081,LOW,0
09:27:22,23.6,1006.1,3852,-2284,15840,12.8797,80.081,LOW,0
09:27:23,23.6,1006.1,3200,60,16528,12.8797,80.081,LOW,0
09:27:24,23.6,1006.1,3200,60,16528,12.8797,80.081,LOW,0
09:27:25,23.6,1006.1,3200,60,16528,12.8797,80.081,LOW,0
09:27:26,23.6,1006.1,3200,60,16528,12.8797,80.081,LOW,0
09:27:27,23.6,1006.1,2108,-184,16172,12.8797,80.081,LOW,0
09:27:28,23.6,1006.1,2108,-184,16172,12.8797,80.081,LOW,0
09:27:29,23.6,1006.1,2108,-184,16172,12.8797,80.081,LOW,0
09:27:30,23.6,1006.1,2108,-184,16172,12.8797,80.081,LOW,0
09:27:31,23.6,1006.1,2832,-1832,15820,12.8797,80.081,LOW,0
09:27:32,23.6,1006.1,2832,-1832,15820,12.8797,80.081,LOW,0
09:27:33,23.6,1006.1,2832,-1832,15820,12.8797,80.081,LOW,0
09:27:34,23.6,1006.1,2832,-1832,15820,12.8797,80.081,LOW,0
09:27:35,23.6,1006.1,2228,-708,16720,12.8797,80.081,LOW,0
09:27:36,23.6,1006.1,2228,-708,16720,12.8797,80.081,LOW,0
09:27:37,23.6,1006.1,2228,-708,16720,12.8797,80.081,LOW,0
09:27:38,23.6,1006.1,2228,-708,16720,12.8797,80.081,LOW,0
09:27:39,23.6,1006.1,1864,-1076,16476,12.8797,80.081,LOW,0
09:27:40,23.6,1006.1,1864,-1076,16476,12.8797,80.081,LOW,0
09:27:41,23.6,1006.1,1864,-1076,16476,12.8797,80.081,LOW,0
09:27:42,23.6,1006.1,1864,-1076,16476,12.8797,80.081,LOW,0
09:27:43,23.6,1006.1,2272,-1304,16388,12.8797,80.081,LOW,0
09:27:44,23.6,1006.1,2272,-1304,16388,12.8797,80.081,LOW,0
09:27:45,23.6,1006.1,2272,-1304,16388,12.8797,80.081,LOW,0
09:27:46,23.6,1006.1,2272,-1304,16388,12.8797,80.081,LOW,0
09:27:47,23.6,1006.1,7936,-1932,13344,12.8797,80.081,LOW,0
09:27:48,23.6,1006.1,7936,-1932,13344,12.8797,80.081,LOW,0
09:27:49,23.6,1006.1,7936,-1932,13344,12.8797,80.081,LOW,0
09:27:50,23.6,1006.1,7936,-1932,13344,12.8797,80.081,LOW,0
09:27:51,23.6,1006.1,2492,-2204,14704,12.8797,80.081,LOW,0
09:27:52,23.6,1006.1,2492,-2204,14704,12.8797,80.081,LOW,0
09:27:53,23.6,1006.1,2492,-2204,14704,12.8797,80.081,LOW,0
09:27:54,23.6,1006.1,2492,-2204,14704,12.8797,80.081,LOW,0
09:27:55,23.6,1006.1,668,-2676,15436,12.8797,80.081,LOW,0
09:27:56,23.6,1006.1,668,-2676,15436,12.8797,80.081,LOW,0
09:27:57,23.6,1006.1,668,-2676,15436,12.8797,80.081,LOW,0
09:27:58,23.6,1006.1,668,-2676,15436,12.8797,80.081,LOW,0
09:27:59,23.6,1006.1,2220,-3680,15548,12.8797,80.081,LOW,0
09:28:00,23.6,1006.1,2220,-3680,15548,12.8797,80.081,LOW,0
09:28:01,23.6,1006.1,2220,-3680,15548,12.8797,80.081,LOW,0
09:28:02,23.6,1006.1,2220,-3680,15548,12.8797,80.081,LOW,0
09:28:03,23.6,1006.1,5392,-3580,16484,12.8797,80.081,LOW,0
09:28:04,23.6,1006.1,5392,-3580,16484,12.8797,80.081,LOW,0
09:28:05,23.6,1006.1,5392,-3580,16484,12.8797,80.081,LOW,0
09:28:06,23.6,1006.1,5392,-3580,16484,12.8797,80.081,LOW,0
09:28:07,23.6,1006.1,-1812,-2016,20928,12.8797,80.081,LOW,0
09:28:09,23.6,1006.1,-1812,-2016,20928,12.8797,80.081,LOW,0
09:28:10,23.6,1006.1,-1812,-2016,20928,12.8797,80.081,LOW,0
09:28:11,23.6,1006.1,-1812,-2016,20928,12.8797,80.081,LOW,0
09:28:12,23.6,1006.1,-1812,-2016,20928,12.8797,80.081,LOW,0
09:28:13,23.6,1006.1,-1812,-2016,20928,12.8797,80.081,LOW,0
09:28:14,23.6,1006.1,-1812,-2016,20928,12.8797,80.081,LOW,0
09:28:15,23.6,1006.1,-1812,-2016,20928,12.8797,80.081,LOW,0
09:28:16,23.6,1006.1,-1812,-2016,20928,12.8797,80.081,LOW,0
09:28:17,23.6,1006.1,-1812,-2016,20928,12.8797,80.081,MEDIUM,0
09:28:18,23.6,1006.1,-1812,-2016,20928,12.8797,80.081,MEDIUM,0
09:28:19,23.6,1006.1,-1812,-2016,20928,12.8797,80.081,MEDIUM,0
09:28:20,23.7,1006.1,-2564,500,17724,12.8797,80.081,MEDIUM,0
09:28:21,23.7,1006.1,-2564,500,17724,12.8797,80.081,MEDIUM,0
09:28:22,23.7,1006.1,-2564,500,17724,12.8797,80.081,MEDIUM,0
09:28:23,23.7,1006.1,-2564,500,17724,12.8797,80.081,MEDIUM,0
09:28:24,23.7,1006.1,-656,4908,18456,12.8797,80.081,MEDIUM,0
09:28:25,23.7,1006.1,-656,4908,18456,12.8797,80.081,LOW,0
09:28:26,23.7,1006.1,-656,4908,18456,12.8797,80.081,LOW,0
09:28:27,23.7,1006.1,-656,4908,18456,12.8797,80.081,LOW,0
09:28:28,23.7,1006.1,18840,1852,-684,12.8797,80.081,LOW,0
09:28:29,23.7,1006.1,18840,1852,-684,12.8797,80.081,LOW,0
09:28:30,23.7,1006.1,18840,1852,-684,12.8797,80.081,LOW,0
09:28:31,23.7,1006.1,18840,1852,-684,12.8797,80.081,LOW,0
09:28:32,23.7,1006.1,-544,800,14108,12.8797,80.081,LOW,0
09:28:33,23.7,1006.1,-544,800,14108,12.8797,80.081,LOW,0
09:28:34,23.7,1006.1,-544,800,14108,12.8797,80.081,LOW,0
09:28:35,23.7,1006.1,-544,800,14108,12.8797,80.081,LOW,0
09:28:36,23.7,1006.1,-1608,-340,18036,12.8797,80.081,LOW,0
09:28:37,23.7,1006.1,-1608,-340,18036,12.8797,80.081,LOW,0
09:28:38,23.7,1006.1,-1608,-340,18036,12.8797,80.081,LOW,0
09:28:39,23.7,1006.1,-1608,-340,18036,12.8797,80.081,LOW,0
09:28:40,23.7,1006.1,2784,464,19940,12.8797,80.081,LOW,0
09:28:41,23.7,1006.1,2784,464,19940,12.8797,80.081,LOW,0
09:28:42,23.7,1006.1,2784,464,19940,12.8797,80.081,LOW,0
09:28:43,23.7,1006.1,2784,464,19940,12.8797,80.081,LOW,0
09:28:44,23.7,1006.1,464,68,14680,12.8797,80.081,LOW,0
09:28:45,23.7,1006.1,464,68,14680,12.8797,80.081,MEDIUM,0
09:28:46,23.7,1006.1,464,68,14680,12.8797,80.081,MEDIUM,0
09:28:47,23.7,1006.1,464,68,14680,12.8797,80.081,MEDIUM,0
09:28:48,23.7,1006.1,92,16,15328,12.8797,80.081,MEDIUM,0
09:28:49,23.7,1006.1,92,16,15328,12.8797,80.081,LOW,0
09:28:50,23.7,1006.1,92,16,15328,12.8797,80.081,LOW,0
09:28:51,23.7,1006.1,92,16,15328,12.8797,80.081,LOW,0
09:28:52,23.7,1006.1,1640,-1244,17520,12.8797,80.081,LOW,0
09:28:53,23.7,1006.1,1640,-1244,17520,12.8797,80.081,LOW,0
09:28:54,23.7,1006.1,1640,-1244,17520,12.8797,80.081,LOW,0
09:28:55,23.7,1006.1,1640,-1244,17520,12.8797,80.081,LOW,0
09:28:56,23.7,1006.2,2512,-4,12516,12.8797,80.081,LOW,0
09:28:57,23.7,1006.2,2512,-4,12516,12.8797,80.081,LOW,0
09:28:58,23.7,1006.2,2512,-4,12516,12.8797,80.081,LOW,0
09:28:59,23.7,1006.2,2512,-4,12516,12.8797,80.081,LOW,0
09:29:00,23.7,1006.1,1164,-668,16432,12.8797,80.081,LOW,0
09:29:01,23.7,1006.1,1164,-668,16432,12.8797,80.081,LOW,0
09:29:02,23.7,1006.1,1164,-668,16432,12.8797,80.081,LOW,0
09:29:03,23.7,1006.1,1164,-668,16432,12.8797,80.081,LOW,0
09:29:04,23.7,1006.1,1196,-724,16468,12.8797,80.081,LOW,0
09:29:05,23.7,1006.1,1196,-724,16468,12.8797,80.081,LOW,0
09:29:06,23.7,1006.1,1196,-724,16468,12.8797,80.081,LOW,0
09:29:08,23.7,1006.1,1196,-724,16468,12.8797,80.081,LOW,0
09:29:09,23.7,1006.1,1220,-796,16308,12.8797,80.081,LOW,0
09:29:10,23.7,1006.1,1220,-796,16308,12.8797,80.081,LOW,0
09:29:11,23.7,1006.1,1220,-796,16308,12.8797,80.081,LOW,0
09:29:12,23.7,1006.1,1220,-796,16308,12.8797,80.081,LOW,0
09:29:13,23.7,1006.1,1220,-732,16472,12.8797,80.081,LOW,0
09:29:14,23.7,1006.1,1220,-732,16472,12.8797,80.081,LOW,0
09:29:15,23.7,1006.1,1220,-732,16472,12.8797,80.081,LOW,0
09:29:16,23.7,1006.1,1220,-732,16472,12.8797,80.081,LOW,0
09:29:17,23.7,1006.1,1288,-708,16512,12.8797,80.081,LOW,0
09:29:18,23.7,1006.1,1288,-708,16512,12.8797,80.081,LOW,0
09:29:19,23.7,1006.1,1288,-708,16512,12.8797,80.081,LOW,0
09:29:20,23.7,1006.1,1288,-708,16512,12.8797,80.081,LOW,0
09:29:21,23.7,1006.1,1276,-792,16472,12.8797,80.081,LOW,0
09:29:22,23.7,1006.1,1276,-792,16472,12.8797,80.081,LOW,0
09:29:23,23.7,1006.1,1276,-792,16472,12.8797,80.081,LOW,0
09:29:24,23.7,1006.1,1276,-792,16472,12.8797,80.081,LOW,0
09:29:25,23.7,1006.1,1268,-732,16400,12.8797,80.081,LOW,0
09:29:26,23.7,1006.1,1268,-732,16400,12.8797,80.081,LOW,0
09:29:27,23.7,1006.1,1268,-732,16400,12.8797,80.081,LOW,0
09:29:28,23.7,1006.1,1268,-732,16400,12.8797,80.081,LOW,0
09:29:29,23.7,1006.1,1220,-772,16360,12.8797,80.081,LOW,0
09:29:30,23.7,1006.1,1220,-772,16360,12.8797,80.081,LOW,0
09:29:31,23.7,1006.1,1220,-772,16360,12.8797,80.081,LOW,0
09:29:32,23.7,1006.1,1220,-772,16360,12.8797,80.081,LOW,0
09:29:33,23.7,1006.1,1220,-780,16484,12.8797,80.081,LOW,0
09:29:34,23.7,1006.1,1220,-780,16484,12.8797,80.081,LOW,0
09:29:35,23.7,1006.1,1220,-780,16484,12.8797,80.081,LOW,0
09:29:36,23.7,1006.1,1220,-780,16484,12.8797,80.081,LOW,0
09:29:37,23.7,1006.1,1288,-692,16364,12.8797,80.081,LOW,0
09:29:38,23.7,1006.1,1288,-692,16364,12.8797,80.081,LOW,0
09:29:39,23.7,1006.1,1288,-692,16364,12.8797,80.081,LOW,0
09:29:40,23.7,1006.1,1288,-692,16364,12.8797,80.081,LOW,0
09:29:41,23.7,1006.1,1208,-688,16408,12.8797,80.081,LOW,0
09:29:42,23.7,1006.1,1208,-688,16408,12.8797,80.081,LOW,0
09:29:43,23.7,1006.1,1208,-688,16408,12.8797,80.081,LOW,0
09:29:44,23.7,1006.1,1208,-688,16408,12.8797,80.081,LOW,0
09:29:45,23.7,1006.1,1232,-724,16408,12.8797,80.081,LOW,0
09:29:46,23.7,1006.1,1232,-724,16408,12.8797,80.081,LOW,0
09:29:47,23.7,1006.1,1232,-724,16408,12.8797,80.081,LOW,0
09:29:48,23.7,1006.1,1232,-724,16408,12.8797,80.081,LOW,0
09:29:49,23.7,1006.1,1228,-748,16448,12.8797,80.081,LOW,0
09:29:50,23.7,1006.1,1228,-748,16448,12.8797,80.081,LOW,0
09:29:51,23.7,1006.1,1228,-748,16448,12.8797,80.081,LOW,0
09:29:52,23.7,1006.1,1228,-748,16448,12.8797,80.081,LOW,0
09:29:53,23.7,1006.1,1236,-736,16504,12.8797,80.081,LOW,0
09:29:54,23.7,1006.1,1236,-736,16504,12.8797,80.081,LOW,0
09:29:55,23.7,1006.1,1236,-736,16504,12.8797,80.081,LOW,0
09:29:56,23.7,1006.1,1236,-736,16504,12.8797,80.081,LOW,0
09:29:57,23.7,1006.1,1248,-776,16392,12.8797,80.081,LOW,0
09:29:58,23.7,1006.1,1248,-776,16392,12.8797,80.081,LOW,0
09:30:00,23.7,1006.1,1248,-776,16392,12.8797,80.081,LOW,0
09:30:01,23.7,1006.1,1248,-776,16392,12.8797,80.081,LOW,0
09:30:02,23.7,1006.1,1192,-740,16364,12.8797,80.081,LOW,0
09:30:03,23.7,1006.1,1192,-740,16364,12.8797,80.081,LOW,0
09:30:04,23.7,1006.1,1192,-740,16364,12.8797,80.081,LOW,0
09:30:05,23.7,1006.1,1192,-740,16364,12.8797,80.081,LOW,0
09:30:06,23.7,1006.1,1204,-728,16408,12.8797,80.081,LOW,0
09:30:07,23.7,1006.1,1204,-728,16408,12.8797,80.081,LOW,0
09:30:08,23.7,1006.1,1204,-728,16408,12.8797,80.081,LOW,0
09:30:09,23.7,1006.1,1204,-728,16408,12.8797,80.081,LOW,0
09:30:10,23.7,1006.1,1204,-756,16372,12.8797,80.081,LOW,0
09:30:11,23.7,1006.1,1204,-756,16372,12.8797,80.081,LOW,0
09:30:12,23.7,1006.1,1204,-756,16372,12.8797,80.081,LOW,0
09:30:13,23.7,1006.1,1204,-756,16372,12.8797,80.081,LOW,0
09:30:14,23.7,1006.1,1256,-752,16444,12.8797,80.081,LOW,0
09:30:15,23.7,1006.1,1256,-752,16444,12.8797,80.081,LOW,0
09:30:16,23.7,1006.1,1256,-752,16444,12.8797,80.081,LOW,0
09:30:17,23.7,1006.1,1256,-752,16444,12.8797,80.081,LOW,0
09:30:18,23.7,1006.1,1296,-736,16384,12.8797,80.081,LOW,0
09:30:19,23.7,1006.1,1296,-736,16384,12.8797,80.081,LOW,0
09:30:20,23.7,1006.1,1296,-736,16384,12.8797,80.081,LOW,0
09:30:21,23.7,1006.1,1296,-736,16384,12.8797,80.081,LOW,0
09:30:22,23.7,1006.1,1292,-732,16448,12.8797,80.081,LOW,0
09:30:23,23.7,1006.1,1292,-732,16448,12.8797,80.081,LOW,0
09:30:24,23.7,1006.1,1292,-732,16448,12.8797,80.081,LOW,0
09:30:25,23.7,1006.1,1292,-732,16448,12.8797,80.081,LOW,0
09:30:26,23.7,1006.1,1176,-556,16400,12.8797,80.081,LOW,0
09:30:27,23.7,1006.1,1176,-556,16400,12.8797,80.081,LOW,0
09:30:28,23.7,1006.1,1176,-556,16400,12.8797,80.081,LOW,0
09:30:29,23.7,1006.1,1176,-556,16400,12.8797,80.081,LOW,0
09:30:30,23.7,1006.1,1220,-796,16372,12.8797,80.081,LOW,0
09:30:31,23.7,1006.1,1220,-796,16372,12.8797,80.081,LOW,0
09:30:32,23.7,1006.1,1220,-796,16372,12.8797,80.081,LOW,0
09:30:33,23.7,1006.1,1220,-796,16372,12.8797,80.081,LOW,0
09:30:34,23.7,1006.1,2024,-1068,15532,12.8797,80.081,LOW,0
09:30:35,23.7,1006.1,2024,-1068,15532,12.8797,80.081,LOW,0
09:30:36,23.7,1006.1,2024,-1068,15532,12.8797,80.081,LOW,0
09:30:37,23.7,1006.1,2024,-1068,15532,12.8797,80.081,LOW,0
09:30:38,23.7,1006.1,2448,-3876,16048,12.8797,80.081,LOW,0
09:30:39,23.7,1006.1,2448,-3876,16048,12.8797,80.081,LOW,0
09:30:40,23.7,1006.1,2448,-3876,16048,12.8797,80.081,LOW,0
09:30:41,23.7,1006.1,2448,-3876,16048,12.8797,80.081,LOW,0
09:30:42,23.7,1006.1,2592,-3020,16360,12.8797,80.081,LOW,0
09:30:43,23.7,1006.1,2592,-3020,16360,12.8797,80.081,LOW,0
09:30:44,23.7,1006.1,2592,-3020,16360,12.8797,80.081,LOW,0
09:30:45,23.7,1006.1,2592,-3020,16360,12.8797,80.081,LOW,0
09:30:46,23.7,1006.1,1380,-2560,15736,12.8797,80.081,LOW,0
09:30:47,23.7,1006.1,1380,-2560,15736,12.8797,80.081,LOW,0
09:30:48,23.7,1006.1,1380,-2560,15736,12.8797,80.081,LOW,0
09:30:49,23.7,1006.1,1380,-2560,15736,12.8797,80.081,LOW,0
09:30:50,23.7,1006.1,1048,5676,15404,12.8797,80.081,LOW,0
09:30:51,23.7,1006.1,1048,5676,15404,12.8797,80.081,LOW,0
09:30:52,23.7,1006.1,1048,5676,15404,12.8797,80.081,LOW,0
09:30:54,23.7,1006.1,1048,5676,15404,12.8797,80.081,LOW,0
09:30:55,23.7,1006.1,1168,-1036,16392,12.8797,80.081,LOW,0
09:30:56,23.7,1006.1,1168,-1036,16392,12.8797,80.081,LOW,0
09:30:57,23.7,1006.1,1168,-1036,16392,12.8797,80.081,LOW,0
09:30:58,23.7,1006.1,1168,-1036,16392,12.8797,80.081,LOW,0
09:30:59,23.7,1006.1,2252,-1212,15864,12.8797,80.081,LOW,0
09:31:00,23.7,1006.1,2252,-1212,15864,12.8797,80.081,LOW,0
09:31:01,23.7,1006.1,2252,-1212,15864,12.8797,80.081,LOW,0
09:31:02,23.7,1006.1,2252,-1212,15864,12.8797,80.081,LOW,0
09:31:03,23.7,1006.1,1984,-948,17164,12.8797,80.081,LOW,0
09:31:04,23.7,1006.1,1984,-948,17164,12.8797,80.081,LOW,0
09:31:05,23.7,1006.1,1984,-948,17164,12.8797,80.081,LOW,0
09:31:06,23.7,1006.1,1984,-948,17164,12.8797,80.081,LOW,0
09:31:07,23.7,1006.1,1568,-436,16432,12.8797,80.081,LOW,0
09:31:08,23.7,1006.1,1568,-436,16432,12.8797,80.081,LOW,0
09:31:09,23.7,1006.1,1568,-436,16432,12.8797,80.081,LOW,0
09:31:10,23.7,1006.1,1568,-436,16432,12.8797,80.081,LOW,0
09:31:11,23.7,1006.1,1388,-320,16472,12.8797,80.081,LOW,0
09:31:12,23.7,1006.1,1388,-320,16472,12.8797,80.081,LOW,0
09:31:13,23.7,1006.1,1388,-320,16472,12.8797,80.081,LOW,0
09:31:14,23.7,1006.1,1388,-320,16472,12.8797,80.081,LOW,0
09:31:15,23.7,1006.1,1400,-780,16440,12.8797,80.081,LOW,0
09:31:16,23.7,1006.1,1400,-780,16440,12.8797,80.081,LOW,0
09:31:17,23.7,1006.1,1400,-780,16440,12.8797,80.081,LOW,0
09:31:18,23.7,1006.1,1400,-780,16440,12.8797,80.081,LOW,0
09:31:19,23.7,1006.1,520,-2076,16208,12.8797,80.081,LOW,0
09:31:20,23.7,1006.1,520,-2076,16208,12.8797,80.081,LOW,0
09:31:21,23.7,1006.1,520,-2076,16208,12.8797,80.081,LOW,0
09:31:22,23.7,1006.1,520,-2076,16208,12.8797,80.081,LOW,0
09:31:23,23.8,1006.1,1452,-1664,16312,12.8797,80.081,LOW,0
09:31:24,23.8,1006.1,1452,-1664,16312,12.8797,80.081,LOW,0
09:31:25,23.8,1006.1,1452,-1664,16312,12.8797,80.081,LOW,0
09:31:26,23.8,1006.1,1452,-1664,16312,12.8797,80.081,LOW,0
09:31:27,23.8,1006.1,-1328,-488,16336,12.8797,80.081,LOW,0
09:31:28,23.8,1006.1,-1328,-488,16336,12.8797,80.081,LOW,0
09:31:29,23.8,1006.1,-1328,-488,16336,12.8797,80.081,LOW,0
09:31:30,23.8,1006.1,-1328,-488,16336,12.8797,80.081,LOW,0
09:31:31,23.8,1006.1,104,-2208,16460,12.8797,80.081,LOW,0
09:31:32,23.8,1006.1,104,-2208,16460,12.8797,80.081,LOW,0
09:31:33,23.8,1006.1,104,-2208,16460,12.8797,80.081,LOW,0
09:31:34,23.8,1006.1,104,-2208,16460,12.8797,80.081,LOW,0
09:31:35,23.8,1006.0,1820,-300,16408,12.8797,80.081,LOW,0
09:31:36,23.8,1006.0,1820,-300,16408,12.8797,80.081,LOW,0
09:31:37,23.8,1006.0,1820,-300,16408,12.8797,80.081,LOW,0
09:31:38,23.8,1006.0,1820,-300,16408,12.8797,80.081,LOW,0
09:31:39,23.8,1006.1,1740,-1212,15848,12.8797,80.081,LOW,0
09:31:40,23.8,1006.1,1740,-1212,15848,12.8797,80.081,LOW,0
09:31:41,23.8,1006.1,1740,-1212,15848,12.8797,80.081,LOW,0
09:31:42,23.8,1006.1,1740,-1212,15848,12.8797,80.081,LOW,0
09:31:43,23.8,1006.1,1572,-2468,16032,12.8797,80.081,LOW,0
09:31:44,23.8,1006.1,1572,-2468,16032,12.8797,80.081,LOW,0
09:31:45,23.8,1006.1,1572,-2468,16032,12.8797,80.081,LOW,0
09:31:46,23.8,1006.1,1572,-2468,16032,12.8797,80.081,LOW,0
09:31:47,23.8,1006.1,3800,-1540,16776,12.8797,80.081,LOW,0
09:31:48,23.8,1006.1,3800,-1540,16776,12.8797,80.081,LOW,0
09:31:49,23.8,1006.1,3800,-1540,16776,12.8797,80.081,LOW,0
09:31:50,23.8,1006.1,3800,-1540,16776,12.8797,80.081,LOW,0
09:31:52,23.8,1006.0,1640,632,11256,12.8797,80.081,LOW,0
09:31:53,23.8,1006.0,1640,632,11256,12.8797,80.081,MEDIUM,0
09:31:54,23.8,1006.0,1640,632,11256,12.8797,80.081,MEDIUM,0
09:31:55,23.8,1006.0,1640,632,11256,12.8797,80.081,MEDIUM,0
09:31:56,23.8,1006.0,-1436,-2320,16368,12.8797,80.081,MEDIUM,0
09:31:57,23.8,1006.0,-1436,-2320,16368,12.8797,80.081,MEDIUM,0
09:31:58,23.8,1006.0,-1436,-2320,16368,12.8797,80.081,MEDIUM,0
09:31:59,23.8,1006.0,-1436,-2320,16368,12.8797,80.081,MEDIUM,0
09:32:00,23.8,1006.0,-960,-1748,20028,12.8797,80.081,MEDIUM,0
09:32:01,23.8,1006.0,-960,-1748,20028,12.8797,80.081,LOW,0
09:32:02,23.8,1006.0,-960,-1748,20028,12.8797,80.081,LOW,0
09:32:03,23.8,1006.0,-960,-1748,20028,12.8797,80.081,LOW,0
09:32:04,23.8,1006.0,3228,-808,16080,12.8797,80.081,LOW,0
09:32:05,23.8,1006.0,3228,-808,16080,12.8797,80.081,LOW,0
09:32:06,23.8,1006.0,3228,-808,16080,12.8797,80.081,LOW,0
09:32:07,23.8,1006.0,3228,-808,16080,12.8797,80.081,LOW,0
09:32:08,23.8,1006.0,4312,1116,15980,12.8797,80.081,LOW,0
09:32:09,23.8,1006.0,4312,1116,15980,12.8797,80.081,LOW,0
09:32:10,23.8,1006.0,4312,1116,15980,12.8797,80.081,LOW,0
09:32:11,23.8,1006.0,4312,1116,15980,12.8797,80.081,LOW,0
09:32:12,23.8,1006.0,-1624,-560,19416,12.8797,80.081,LOW,0
09:32:13,23.8,1006.0,-1624,-560,19416,12.8797,80.081,LOW,0
09:32:14,23.8,1006.0,-1624,-560,19416,12.8797,80.081,LOW,0
09:32:15,23.8,1006.0,-1624,-560,19416,12.8797,80.081,LOW,0
09:32:16,23.8,1006.0,-1624,-560,19416,12.8797,80.081,LOW,0
09:32:17,23.8,1006.0,-1624,-560,19416,12.8797,80.081,HIGH,0
09:32:18,23.8,1006.0,-1624,-560,19416,12.8797,80.081,HIGH,0
09:32:19,23.8,1006.0,-1624,-560,19416,12.8797,80.081,HIGH,0
09:32:20,23.8,1006.0,952,472,15976,12.8797,80.081,HIGH,0
09:32:21,23.8,1006.0,952,472,15976,12.8797,80.081,HIGH,0
09:32:22,23.8,1006.0,952,472,15976,12.8797,80.081,HIGH,0
09:32:23,23.8,1006.0,952,472,15976,12.8797,80.081,HIGH,0
09:32:24,23.8,1006.0,2320,-84,16484,12.8797,80.081,HIGH,0
09:32:25,23.8,1006.0,2320,-84,16484,12.8797,80.081,LOW,0
09:32:26,23.8,1006.0,2320,-84,16484,12.8797,80.081,LOW,0
09:32:27,23.8,1006.0,2320,-84,16484,12.8797,80.081,LOW,0
09:32:28,23.8,1006.0,14876,8228,32767,12.8797,80.081,LOW,0
09:32:29,23.8,1006.0,14876,8228,32767,12.8797,80.081,HIGH,0
09:32:30,23.8,1006.0,14876,8228,32767,12.8797,80.081,HIGH,0
09:32:31,23.8,1006.0,14876,8228,32767,12.8797,80.081,HIGH,0
09:32:32,23.8,1005.9,588,-6044,26456,12.8797,80.081,HIGH,0
09:32:33,23.8,1005.9,588,-6044,26456,12.8797,80.081,MEDIUM,0
09:32:34,23.8,1005.9,588,-6044,26456,12.8797,80.081,MEDIUM,0
09:32:35,23.8,1005.9,588,-6044,26456,12.8797,80.081,MEDIUM,0
09:32:36,23.9,1006.0,3188,1976,16316,12.8797,80.081,MEDIUM,0
09:32:37,23.9,1006.0,3188,1976,16316,12.8797,80.081,MEDIUM,0
09:32:38,23.9,1006.0,3188,1976,16316,12.8797,80.081,MEDIUM,0
09:32:39,23.9,1006.0,3188,1976,16316,12.8797,80.081,MEDIUM,0
09:32:40,23.9,1006.0,2400,1384,16328,12.8797,80.081,MEDIUM,0
09:32:41,23.9,1006.0,2400,1384,16328,12.8797,80.081,LOW,0
09:32:42,23.9,1006.0,2400,1384,16328,12.8797,80.081,LOW,0
09:32:43,23.9,1006.0,2400,1384,16328,12.8797,80.081,LOW,0
09:32:44,23.9,1006.0,1444,-2216,22180,12.8797,80.081,LOW,0
09:32:45,23.9,1006.0,1444,-2216,22180,12.8797,80.081,MEDIUM,0
09:32:46,23.9,1006.0,1444,-2216,22180,12.8797,80.081,MEDIUM,0
09:32:48,23.9,1006.0,1444,-2216,22180,12.8797,80.081,MEDIUM,0
09:32:49,23.9,1006.0,892,944,24144,12.8797,80.081,MEDIUM,0
09:32:50,23.9,1006.0,892,944,24144,12.8797,80.081,LOW,0
09:32:51,23.9,1006.0,892,944,24144,12.8797,80.081,LOW,0
09:32:52,23.9,1006.0,892,944,24144,12.8797,80.081,LOW,0
09:32:53,23.9,1006.0,-4932,3304,15460,12.8797,80.081,LOW,0
09:32:54,23.9,1006.0,-4932,3304,15460,12.8797,80.081,MEDIUM,0
09:32:55,23.9,1006.0,-4932,3304,15460,12.8797,80.081,MEDIUM,0
09:32:56,23.9,1006.0,-4932,3304,15460,12.8797,80.081,MEDIUM,0
09:32:57,23.9,1006.0,2464,-412,15124,12.8797,80.081,MEDIUM,0
09:32:58,23.9,1006.0,2464,-412,15124,12.8797,80.081,LOW,0
09:32:59,23.9,1006.0,2464,-412,15124,12.8797,80.081,LOW,0
09:33:00,23.9,1006.0,2464,-412,15124,12.8797,80.081,LOW,0
09:33:01,23.9,1006.0,2884,2748,21704,12.8797,80.081,LOW,0
09:33:02,23.9,1006.0,2884,2748,21704,12.8797,80.081,MEDIUM,0
09:33:03,23.9,1006.0,2884,2748,21704,12.8797,80.081,MEDIUM,0
09:33:04,23.9,1006.0,2884,2748,21704,12.8797,80.081,MEDIUM,0
09:33:05,24.0,1006.0,28,912,16652,12.8797,80.081,MEDIUM,0
09:33:06,24.0,1006.0,28,912,16652,12.8797,80.081,MEDIUM,0
09:33:07,24.0,1006.0,28,912,16652,12.8797,80.081,MEDIUM,0
09:33:08,24.0,1006.0,28,912,16652,12.8797,80.081,MEDIUM,0
09:33:09,24.0,1006.0,736,2016,20120,12.8797,80.081,MEDIUM,0
09:33:10,24.0,1006.0,736,2016,20120,12.8797,80.081,LOW,0
09:33:11,24.0,1006.0,736,2016,20120,12.8797,80.081,LOW,0
09:33:12,24.0,1006.0,736,2016,20120,12.8797,80.081,LOW,0
09:33:13,24.0,1005.8,-2424,-9524,18364,12.8797,80.081,LOW,0
09:33:14,24.0,1005.8,-2424,-9524,18364,12.8797,80.081,LOW,0
09:33:15,24.0,1005.8,-2424,-9524,18364,12.8797,80.081,LOW,0
09:33:16,24.0,1005.8,-2424,-9524,18364,12.8797,80.081,LOW,0
09:33:17,24.0,1006.0,4100,-1464,15032,12.8797,80.081,LOW,0
09:33:18,24.0,1006.0,4100,-1464,15032,12.8797,80.081,MEDIUM,0
09:33:19,24.0,1006.0,4100,-1464,15032,12.8797,80.081,MEDIUM,0
09:33:20,24.0,1006.0,4100,-1464,15032,12.8797,80.081,MEDIUM,0
09:33:21,24.0,1006.0,4100,-1464,15032,12.8797,80.081,MEDIUM,0
09:33:22,24.0,1006.0,4100,-1464,15032,12.8797,80.081,LOW,0
09:33:23,24.0,1006.0,4100,-1464,15032,12.8797,80.081,LOW,0
09:33:24,24.0,1006.0,4100,-1464,15032,12.8797,80.081,LOW,0
09:33:25,24.0,1006.0,-1496,92,18456,12.8797,80.081,LOW,0
09:33:26,24.0,1006.0,-1496,92,18456,12.8797,80.081,LOW,0
09:33:27,24.0,1006.0,-1496,92,18456,12.8797,80.081,LOW,0
09:33:28,24.0,1006.0,-1496,92,18456,12.8797,80.081,LOW,0
09:33:29,24.0,1006.0,2800,2564,19116,12.8797,80.081,LOW,0
09:33:30,24.0,1006.0,2800,2564,19116,12.8797,80.081,LOW,0
09:33:31,24.0,1006.0,2800,2564,19116,12.8797,80.081,LOW,0
09:33:32,24.0,1006.0,2800,2564,19116,12.8797,80.081,LOW,0
09:33:33,24.1,1006.0,656,932,16972,12.8797,80.081,LOW,0
09:33:34,24.1,1006.0,656,932,16972,12.8797,80.081,LOW,0
09:33:35,24.1,1006.0,656,932,16972,12.8797,80.081,LOW,0
09:33:36,24.1,1006.0,656,932,16972,12.8797,80.081,LOW,0
09:33:37,24.1,1006.0,1744,152,14912,12.8797,80.081,LOW,0
09:33:39,24.1,1006.0,1744,152,14912,12.8797,80.081,LOW,0
09:33:40,24.1,1006.0,1744,152,14912,12.8797,80.081,LOW,0
09:33:41,24.1,1006.0,1744,152,14912,12.8797,80.081,LOW,0
09:33:42,24.1,1006.0,640,340,10144,12.8797,80.081,LOW,0
09:33:43,24.1,1006.0,640,340,10144,12.8797,80.081,LOW,0
09:33:44,24.1,1006.0,640,340,10144,12.8797,80.081,LOW,0
09:33:45,24.1,1006.0,640,340,10144,12.8797,80.081,LOW,0
09:33:46,24.1,1006.0,-72,2152,12576,12.8797,80.081,LOW,0
09:33:47,24.1,1006.0,-72,2152,12576,12.8797,80.081,LOW,0
09:33:48,24.1,1006.0,-72,2152,12576,12.8797,80.081,LOW,0
09:33:49,24.1,1006.0,-72,2152,12576,12.8797,80.081,LOW,0
09:33:50,24.1,1005.9,7096,8900,32767,12.8797,80.081,LOW,0
09:33:51,24.1,1005.9,7096,8900,32767,12.8797,80.081,HIGH,0
09:33:52,24.1,1005.9,7096,8900,32767,12.8797,80.081,HIGH,0
09:33:53,24.1,1005.9,7096,8900,32767,12.8797,80.081,HIGH,0
09:33:54,24.1,1005.9,7096,8900,32767,12.8797,80.081,HIGH,0
09:33:55,24.1,1005.9,7096,8900,32767,12.8797,80.081,HIGH,0
09:33:56,24.1,1005.9,7096,8900,32767,12.8797,80.081,HIGH,0
09:33:57,24.1,1005.9,7096,8900,32767,12.8797,80.081,HIGH,0
09:33:58,24.1,1005.9,7096,8900,32767,12.8797,80.081,HIGH,0
09:33:59,24.1,1005.9,7096,8900,32767,12.8797,80.081,HIGH,0
09:34:00,24.1,1005.9,7096,8900,32767,12.8797,80.081,HIGH,0
09:34:01,24.1,1005.9,7096,8900,32767,12.8797,80.081,CRITICAL,1
09:34:02,24.1,1005.9,7096,8900,32767,12.8797,80.081,CRITICAL,1
09:34:03,24.1,1005.9,7096,8900,32767,12.8797,80.081,CRITICAL,1
09:34:04,24.3,1006.0,-484,-960,15272,12.8797,80.081,CRITICAL,1
09:34:05,24.3,1006.0,-484,-960,15272,12.8797,80.081,HIGH,0
09:34:06,24.3,1006.0,-484,-960,15272,12.8797,80.081,HIGH,0
09:34:07,24.3,1006.0,-484,-960,15272,12.8797,80.081,HIGH,0
09:34:08,24.3,1006.0,520,1224,19368,12.8797,80.081,HIGH,0
09:34:09,24.3,1006.0,520,1224,19368,12.8797,80.081,LOW,0
09:34:10,24.3,1006.0,520,1224,19368,12.8797,80.081,LOW,0
09:34:11,24.3,1006.0,520,1224,19368,12.8797,80.081,LOW,0
09:34:12,24.3,1006.0,520,1224,19368,12.8797,80.081,LOW,0
09:34:13,24.3,1006.0,520,1224,19368,12.8797,80.081,CRITICAL,1
09:34:14,24.3,1006.0,520,1224,19368,12.8797,80.081,CRITICAL,1
09:34:15,24.3,1006.0,520,1224,19368,12.8797,80.081,CRITICAL,1
09:34:16,24.3,1006.0,224,820,18816,12.8797,80.081,CRITICAL,1
09:34:17,24.3,1006.0,224,820,18816,12.8797,80.081,MEDIUM,0
09:34:18,24.3,1006.0,224,820,18816,12.8797,80.081,MEDIUM,0
09:34:19,24.3,1006.0,224,820,18816,12.8797,80.081,MEDIUM,0
09:34:20,24.3,1005.9,3968,-232,17120,12.8797,80.081,MEDIUM,0
09:34:21,24.3,1005.9,3968,-232,17120,12.8797,80.081,LOW,0
09:34:22,24.3,1005.9,3968,-232,17120,12.8797,80.081,LOW,0
09:34:23,24.3,1005.9,3968,-232,17120,12.8797,80.081,LOW,0
09:34:24,24.3,1006.0,-424,628,15988,12.8797,80.081,LOW,0
09:34:25,24.3,1006.0,-424,628,15988,12.8797,80.081,LOW,0
09:34:26,24.3,1006.0,-424,628,15988,12.8797,80.081,LOW,0
09:34:27,24.3,1006.0,-424,628,15988,12.8797,80.081,LOW,0
09:34:28,24.3,1006.0,-1436,1552,15844,12.8797,80.081,LOW,0
09:34:29,24.3,1006.0,-1436,1552,15844,12.8797,80.081,LOW,0
09:34:30,24.3,1006.0,-1436,1552,15844,12.8797,80.081,LOW,0
09:34:31,24.3,1006.0,-1436,1552,15844,12.8797,80.081,LOW,0
09:34:32,24.3,1006.0,-1624,92,17092,12.8797,80.081,LOW,0
09:34:33,24.3,1006.0,-1624,92,17092,12.8797,80.081,LOW,0
09:34:34,24.3,1006.0,-1624,92,17092,12.8797,80.081,LOW,0
09:34:35,24.3,1006.0,-1624,92,17092,12.8797,80.081,LOW,0
09:34:36,24.3,1006.0,-1344,188,16824,12.8797,80.081,LOW,0
09:34:38,24.3,1006.0,-1344,188,16824,12.8797,80.081,LOW,0
09:34:39,24.3,1006.0,-1344,188,16824,12.8797,80.081,LOW,0
09:34:40,24.3,1006.0,-1344,188,16824,12.8797,80.081,LOW,0
09:34:41,24.3,1006.0,2100,2552,16396,12.8797,80.081,LOW,0
09:34:42,24.3,1006.0,2100,2552,16396,12.8797,80.081,LOW,0
09:34:43,24.3,1006.0,2100,2552,16396,12.8797,80.081,LOW,0
09:34:44,24.3,1006.0,2100,2552,16396,12.8797,80.081,LOW,0
09:34:45,24.3,1006.0,1796,-304,17196,12.8797,80.081,LOW,0
09:34:46,24.3,1006.0,1796,-304,17196,12.8797,80.081,LOW,0
09:34:47,24.3,1006.0,1796,-304,17196,12.8797,80.081,LOW,0
09:34:48,24.3,1006.0,1796,-304,17196,12.8797,80.081,LOW,0
09:34:49,24.3,1006.0,1796,-304,17196,12.8797,80.081,LOW,0
09:34:50,24.3,1006.0,1796,-304,17196,12.8797,80.081,LOW,0
09:34:51,24.3,1006.0,1796,-304,17196,12.8797,80.081,LOW,0
09:34:52,24.3,1006.0,1796,-304,17196,12.8797,80.081,LOW,0
09:34:53,24.3,1006.0,1068,-344,16456,12.8797,80.081,LOW,0
09:34:54,24.3,1006.0,1068,-344,16456,12.8797,80.081,LOW,0
09:34:55,24.3,1006.0,1068,-344,16456,12.8797,80.081,LOW,0
09:34:56,24.3,1006.0,1068,-344,16456,12.8797,80.081,LOW,0
09:34:57,24.3,1006.0,1036,-348,16440,12.8797,80.081,LOW,0
09:34:58,24.3,1006.0,1036,-348,16440,12.8797,80.081,LOW,0
09:34:59,24.3,1006.0,1036,-348,16440,12.8797,80.081,LOW,0
09:35:00,24.3,1006.0,1036,-348,16440,12.8797,80.081,LOW,0
09:35:01,24.3,1006.0,1060,-360,16504,12.8797,80.081,LOW,0
09:35:02,24.3,1006.0,1060,-360,16504,12.8797,80.081,LOW,0
09:35:03,24.3,1006.0,1060,-360,16504,12.8797,80.081,LOW,0
09:35:04,24.3,1006.0,1060,-360,16504,12.8797,80.081,LOW,0
09:35:05,24.3,1006.0,1068,-292,16408,12.8797,80.081,LOW,0
09:35:06,24.3,1006.0,1068,-292,16408,12.8797,80.081,LOW,0
09:35:07,24.3,1006.0,1068,-292,16408,12.8797,80.081,LOW,0
09:35:08,24.3,1006.0,1068,-292,16408,12.8797,80.081,LOW,0
09:35:09,24.3,1006.0,1024,-304,16420,12.8797,80.081,LOW,0
09:35:10,24.3,1006.0,1024,-304,16420,12.8797,80.081,LOW,0
09:35:11,24.3,1006.0,1024,-304,16420,12.8797,80.081,LOW,0
09:35:12,24.3,1006.0,1024,-304,16420,12.8797,80.081,LOW,0
09:35:13,24.3,1006.0,1024,-340,16444,12.8797,80.081,LOW,0
09:35:14,24.3,1006.0,1024,-340,16444,12.8797,80.081,LOW,0
09:35:16,24.3,1006.0,1024,-340,16444,12.8797,80.081,LOW,0
09:35:17,24.3,1006.0,1024,-340,16444,12.8797,80.081,LOW,0
09:35:18,24.3,1006.0,1000,-336,16440,12.8797,80.081,LOW,0
09:35:19,24.3,1006.0,1000,-336,16440,12.8797,80.081,LOW,0
09:35:20,24.3,1006.0,1000,-336,16440,12.8797,80.081,LOW,0
09:35:21,24.3,1006.0,1000,-336,16440,12.8797,80.081,LOW,0
09:35:22,24.3,1006.0,1020,-376,16440,12.8797,80.081,LOW,0
09:35:23,24.3,1006.0,1020,-376,16440,12.8797,80.081,LOW,0
09:35:24,24.3,1006.0,1020,-376,16440,12.8797,80.081,LOW,0
09:35:25,24.3,1006.0,1020,-376,16440,12.8797,80.081,LOW,0
09:35:26,24.3,1006.0,1092,-336,16376,12.8797,80.081,LOW,0
09:35:27,24.3,1006.0,1092,-336,16376,12.8797,80.081,LOW,0
09:35:28,24.3,1006.0,1092,-336,16376,12.8797,80.081,LOW,0
09:35:29,24.3,1006.0,1092,-336,16376,12.8797,80.081,LOW,0
09:35:30,24.3,1006.0,1088,-340,16484,12.8797,80.081,LOW,0
09:35:31,24.3,1006.0,1088,-340,16484,12.8797,80.081,LOW,0
09:35:32,24.3,1006.0,1088,-340,16484,12.8797,80.081,LOW,0
09:35:33,24.3,1006.0,1088,-340,16484,12.8797,80.081,LOW,0
09:35:34,24.3,1006.0,1104,-384,16392,12.8797,80.081,LOW,0
09:35:35,24.3,1006.0,1104,-384,16392,12.8797,80.081,LOW,0
09:35:36,24.3,1006.0,1104,-384,16392,12.8797,80.081,LOW,0
09:35:37,24.3,1006.0,1104,-384,16392,12.8797,80.081,LOW,0
09:35:38,24.3,1006.0,1000,-376,16496,12.8797,80.081,LOW,0
09:35:39,24.3,1006.0,1000,-376,16496,12.8797,80.081,LOW,0
09:35:40,24.3,1006.0,1000,-376,16496,12.8797,80.081,LOW,0
09:35:41,24.3,1006.0,1000,-376,16496,12.8797,80.081,LOW,0
09:35:42,24.3,1006.0,1064,-388,16376,12.8797,80.081,LOW,0
09:35:43,24.3,1006.0,1064,-388,16376,12.8797,80.081,LOW,0
09:35:44,24.3,1006.0,1064,-388,16376,12.8797,80.081,LOW,0
09:35:45,24.3,1006.0,1064,-388,16376,12.8797,80.081,LOW,0
09:35:46,24.3,1006.0,1124,-308,16464,12.8797,80.081,LOW,0
09:35:47,24.3,1006.0,1124,-308,16464,12.8797,80.081,LOW,0
09:35:48,24.3,1006.0,1124,-308,16464,12.8797,80.081,LOW,0
09:35:49,24.3,1006.0,1124,-308,16464,12.8797,80.081,LOW,0
09:35:50,24.3,1006.0,980,-324,16528,12.8797,80.081,LOW,0
09:35:52,24.3,1006.0,980,-324,16528,12.8797,80.081,LOW,0
09:35:53,24.3,1006.0,980,-324,16528,12.8797,80.081,LOW,0
09:35:54,24.3,1006.0,980,-324,16528,12.8797,80.081,LOW,0
09:35:55,24.3,1006.0,1028,-240,16448,12.8797,80.081,LOW,0
09:35:56,24.3,1006.0,1028,-240,16448,12.8797,80.081,LOW,0
17:27:02,27.1,1001.2,1012,-248,16444,12.8797,80.081,0,LOW,0
17:27:03,27.1,1001.2,1012,-248,16444,12.8797,80.081,0,LOW,0
17:27:04,27.1,1001.2,1012,-248,16444,12.8797,80.081,0,LOW,0
17:27:05,27.1,1001.2,1012,-248,16444,12.8797,80.081,0,LOW,0
17:27:06,27.1,1001.2,1012,-248,16444,12.8797,80.081,0,LOW,0
17:27:07,27.1,1001.3,1012,-284,16476,12.8797,80.081,0,LOW,0
17:27:08,27.1,1001.3,1012,-284,16476,12.8797,80.081,0,LOW,0
17:27:09,27.1,1001.3,1012,-284,16476,12.8797,80.081,0,LOW,0
17:27:10,27.1,1001.3,1012,-284,16476,12.8797,80.081,0,LOW,0
17:27:11,27.1,1001.3,1012,-284,16476,12.8797,80.081,0,LOW,0
17:27:12,27.1,1001.2,952,-212,16440,12.8797,80.081,0,LOW,0
17:27:13,27.1,1001.2,952,-212,16440,12.8797,80.081,0,LOW,0
17:27:14,27.1,1001.2,952,-212,16440,12.8797,80.081,0,LOW,0
17:27:15,27.1,1001.2,952,-212,16440,12.8797,80.081,0,LOW,0
17:27:16,27.1,1001.2,952,-212,16440,12.8797,80.081,0,LOW,0
17:27:17,27.1,1001.3,964,-196,16428,12.8797,80.081,0,LOW,0
17:27:18,27.1,1001.3,964,-196,16428,12.8797,80.081,0,LOW,0
17:27:19,27.1,1001.3,964,-196,16428,12.8797,80.081,0,LOW,0
17:27:20,27.1,1001.3,964,-196,16428,12.8797,80.081,0,LOW,0
17:27:21,27.1,1001.3,964,-196,16428,12.8797,80.081,0,LOW,0
17:27:22,27.1,1001.3,944,-320,16432,12.8797,80.081,0,LOW,0
17:27:23,27.1,1001.3,944,-320,16432,12.8797,80.081,0,LOW,0
17:27:24,27.1,1001.3,944,-320,16432,12.8797,80.081,0,LOW,0
17:27:25,27.1,1001.3,944,-320,16432,12.8797,80.081,0,LOW,0
17:27:26,27.1,1001.3,944,-320,16432,12.8797,80.081,0,LOW,0
17:27:27,27.1,1001.3,980,-236,16500,12.8797,80.081,0,LOW,0
17:27:28,27.1,1001.3,980,-236,16500,12.8797,80.081,0,LOW,0
17:27:29,27.1,1001.3,980,-236,16500,12.8797,80.081,0,LOW,0
17:27:30,27.1,1001.3,980,-236,16500,12.8797,80.081,0,LOW,0
17:27:31,27.1,1001.3,980,-236,16500,12.8797,80.081,0,LOW,0
17:27:32,27.2,1001.3,1016,-212,16464,12.8797,80.081,0,LOW,0
17:27:33,27.2,1001.3,1016,-212,16464,12.8797,80.081,0,LOW,0
17:27:35,27.2,1001.3,1016,-212,16464,12.8797,80.081,0,LOW,0
17:27:36,27.2,1001.3,1016,-212,16464,12.8797,80.081,0,LOW,0
17:27:37,27.2,1001.3,1016,-212,16464,12.8797,80.081,0,LOW,0
17:27:38,27.1,1001.2,976,-228,16492,12.8797,80.081,0,LOW,0
17:27:39,27.1,1001.2,976,-228,16492,12.8797,80.081,0,LOW,0
17:27:40,27.1,1001.2,976,-228,16492,12.8797,80.081,0,LOW,0
17:27:41,27.1,1001.2,976,-228,16492,12.8797,80.081,0,LOW,0
17:27:42,27.1,1001.2,976,-228,16492,12.8797,80.081,0,LOW,0
17:27:43,27.1,1001.2,1036,-228,16480,12.8797,80.081,0,LOW,0
17:27:44,27.1,1001.2,1036,-228,16480,12.8797,80.081,0,LOW,0
17:27:45,27.1,1001.2,1036,-228,16480,12.8797,80.081,0,LOW,0
17:27:46,27.1,1001.2,1036,-228,16480,12.8797,80.081,0,LOW,0
17:27:47,27.1,1001.2,1036,-228,16480,12.8797,80.081,0,LOW,0
17:27:48,27.1,1001.3,1012,-236,16444,12.8797,80.081,0,LOW,0
17:27:49,27.1,1001.3,1012,-236,16444,12.8797,80.081,0,LOW,0
17:27:50,27.1,1001.3,1012,-236,16444,12.8797,80.081,0,LOW,0
17:27:51,27.1,1001.3,1012,-236,16444,12.8797,80.081,0,LOW,0
17:27:52,27.1,1001.3,1012,-236,16444,12.8797,80.081,0,LOW,0
17:27:53,27.1,1001.3,988,-232,16496,12.8797,80.081,0,LOW,0
17:27:54,27.1,1001.3,988,-232,16496,12.8797,80.081,0,LOW,0
17:27:55,27.1,1001.3,988,-232,16496,12.8797,80.081,0,LOW,0
17:27:56,27.1,1001.3,988,-232,16496,12.8797,80.081,0,LOW,0
17:27:57,27.1,1001.3,988,-232,16496,12.8797,80.081,0,LOW,0
17:27:58,27.1,1001.3,1012,-164,16408,12.8797,80.081,0,LOW,0
17:27:59,27.1,1001.3,1012,-164,16408,12.8797,80.081,0,LOW,0
17:28:00,27.1,1001.3,1012,-164,16408,12.8797,80.081,0,LOW,0
17:28:01,27.1,1001.3,1012,-164,16408,12.8797,80.081,0,LOW,0
17:28:02,27.1,1001.3,1012,-164,16408,12.8797,80.081,0,LOW,0
17:28:03,27.1,1001.3,1020,-220,16444,12.8797,80.081,0,LOW,0
17:28:04,27.1,1001.3,1020,-220,16444,12.8797,80.081,0,LOW,0
17:28:05,27.1,1001.3,1020,-220,16444,12.8797,80.081,0,LOW,0
17:28:06,27.1,1001.3,1020,-220,16444,12.8797,80.081,0,LOW,0
17:28:07,27.1,1001.3,1020,-220,16444,12.8797,80.081,0,LOW,0
17:28:08,27.1,1001.2,972,-252,16396,12.8797,80.081,0,LOW,0
17:28:09,27.1,1001.2,972,-252,16396,12.8797,80.081,0,LOW,0
17:28:10,27.1,1001.2,972,-252,16396,12.8797,80.081,0,LOW,0
23:40:27,25.5,1003.5,1036,-116,16444,12.8797,80.081,0,LOW,0
23:40:28,25.5,1003.5,1036,-116,16444,12.8797,80.081,0,LOW,0
23:40:29,25.5,1003.5,1036,-116,16444,12.8797,80.081,0,LOW,0
23:40:30,25.5,1003.5,1036,-116,16444,12.8797,80.081,0,LOW,0
23:40:31,25.5,1003.5,1036,-116,16444,12.8797,80.081,0,LOW,0
23:40:32,25.5,1003.5,1096,-136,16440,12.8797,80.081,0,LOW,0
23:40:33,25.5,1003.5,1096,-136,16440,12.8797,80.081,0,LOW,0
23:40:35,25.5,1003.5,1096,-136,16440,12.8797,80.081,0,LOW,0
23:40:36,25.5,1003.5,1096,-136,16440,12.8797,80.081,0,LOW,0
23:40:37,25.5,1003.5,1096,-136,16440,12.8797,80.081,0,LOW,0
23:40:38,25.5,1003.5,1096,-196,16420,12.8797,80.081,0,LOW,0
23:40:39,25.5,1003.5,1096,-196,16420,12.8797,80.081,0,LOW,0
23:40:40,25.5,1003.5,1096,-196,16420,12.8797,80.081,0,LOW,0
23:40:41,25.5,1003.5,1096,-196,16420,12.8797,80.081,0,LOW,0
23:40:42,25.5,1003.5,1096,-196,16420,12.8797,80.081,0,LOW,0
23:40:43,25.6,1003.5,1152,-120,16452,12.8797,80.081,0,LOW,0
23:40:44,25.6,1003.5,1152,-120,16452,12.8797,80.081,0,LOW,0
23:40:45,25.6,1003.5,1152,-120,16452,12.8797,80.081,0,LOW,0
23:40:46,25.6,1003.5,1152,-120,16452,12.8797,80.081,0,LOW,0
23:40:47,25.6,1003.5,1152,-120,16452,12.8797,80.081,0,LOW,0
23:40:48,25.6,1003.5,992,-152,16332,12.8797,80.081,0,LOW,0
23:40:49,25.6,1003.5,992,-152,16332,12.8797,80.081,0,LOW,0
23:40:50,25.6,1003.5,992,-152,16332,12.8797,80.081,0,LOW,0
23:40:51,25.6,1003.5,992,-152,16332,12.8797,80.081,0,LOW,0
23:40:52,25.6,1003.5,992,-152,16332,12.8797,80.081,0,LOW,0
23:40:53,25.6,1003.5,1048,-188,16508,12.8797,80.081,0,LOW,0
23:40:54,25.6,1003.5,1048,-188,16508,12.8797,80.081,0,LOW,0
23:40:55,25.6,1003.5,1048,-188,16508,12.8797,80.081,0,LOW,0
23:40:56,25.6,1003.5,1048,-188,16508,12.8797,80.081,0,LOW,0
23:40:57,25.6,1003.5,1048,-188,16508,12.8797,80.081,0,LOW,0
23:40:58,25.6,1003.5,984,-104,16400,12.8797,80.081,0,LOW,0
23:40:59,25.6,1003.5,984,-104,16400,12.8797,80.081,0,LOW,0
17:48:37,24.3,1000.2,1808,140,16400,12.8797,80.081,0,LOW,0
17:48:38,24.3,1000.2,1808,140,16400,12.8797,80.081,0,LOW,0
17:48:39,24.3,1000.2,1808,140,16400,12.8797,80.081,0,LOW,0
17:48:40,24.3,1000.2,1808,140,16400,12.8797,80.081,0,LOW,0
17:48:41,24.3,1000.2,1808,140,16400,12.8797,80.081,0,LOW,0
17:48:42,24.3,1000.2,1836,80,16432,12.8797,80.081,0,LOW,0
17:48:43,24.3,1000.2,1836,80,16432,12.8797,80.081,0,LOW,0
17:48:44,24.3,1000.2,1836,80,16432,12.8797,80.081,0,LOW,0
17:48:45,24.3,1000.2,1836,80,16432,12.8797,80.081,0,LOW,0
17:48:46,24.3,1000.2,1836,80,16432,12.8797,80.081,0,LOW,0
17:48:47,24.3,1000.2,2004,20,16380,12.8797,80.081,0,LOW,0
17:48:48,24.3,1000.2,2004,20,16380,12.8797,80.081,0,LOW,0
17:48:49,24.3,1000.2,2004,20,16380,12.8797,80.081,0,LOW,0
17:48:50,24.3,1000.2,2004,20,16380,12.8797,80.081,0,LOW,0
17:48:51,24.3,1000.2,2004,20,16380,12.8797,80.081,0,LOW,0
17:48:52,24.3,1000.2,1888,120,16516,12.8797,80.081,0,LOW,0
17:48:53,24.3,1000.2,1888,120,16516,12.8797,80.081,0,LOW,0
17:48:54,24.3,1000.2,1888,120,16516,12.8797,80.081,0,LOW,0
17:48:55,24.3,1000.2,1888,120,16516,12.8797,80.081,0,LOW,0
17:48:56,24.3,1000.2,1888,120,16516,12.8797,80.081,0,LOW,0
17:48:57,24.3,1000.2,1848,108,16256,12.8797,80.081,0,LOW,0
17:48:58,24.3,1000.2,1848,108,16256,12.8797,80.081,0,LOW,0
17:48:59,24.3,1000.2,1848,108,16256,12.8797,80.081,0,LOW,0
17:49:00,24.3,1000.2,1848,108,16256,12.8797,80.081,0,LOW,0
17:49:01,24.3,1000.2,1848,108,16256,12.8797,80.081,0,LOW,0
17:49:02,24.3,1000.2,1876,16,16496,12.8797,80.081,0,LOW,0
17:49:03,24.3,1000.2,1876,16,16496,12.8797,80.081,0,LOW,0
17:49:04,24.3,1000.2,1876,16,16496,12.8797,80.081,0,LOW,0
17:49:05,24.3,1000.2,1876,16,16496,12.8797,80.081,0,LOW,0
17:49:06,24.3,1000.2,1876,16,16496,12.8797,80.081,0,LOW,0
17:49:07,24.3,1000.2,2060,52,16508,12.8797,80.081,0,LOW,0
17:49:08,24.3,1000.2,2060,52,16508,12.8797,80.081,0,LOW,0
17:49:09,24.3,1000.2,2060,52,16508,12.8797,80.081,0,LOW,0
17:49:10,24.3,1000.2,2060,52,16508,12.8797,80.081,0,LOW,0
17:49:11,24.3,1000.2,2060,52,16508,12.8797,80.081,0,LOW,0
17:49:12,24.3,1000.2,2584,1676,16816,12.8797,80.081,0,LOW,0
17:49:13,24.3,1000.2,2584,1676,16816,12.8797,80.081,0,LOW,0
17:49:14,24.3,1000.2,2584,1676,16816,12.8797,80.081,0,LOW,0
17:49:15,24.3,1000.2,2584,1676,16816,12.8797,80.081,0,LOW,0
17:49:16,24.3,1000.2,2584,1676,16816,12.8797,80.081,0,LOW,0
17:49:17,24.3,1000.1,3568,768,15352,12.8797,80.081,0,LOW,0
17:49:18,24.3,1000.1,3568,768,15352,12.8797,80.081,0,LOW,0
17:49:19,24.3,1000.1,3568,768,15352,12.8797,80.081,0,LOW,0
17:49:20,24.3,1000.1,3568,768,15352,12.8797,80.081,0,LOW,0
17:49:21,24.3,1000.1,3568,768,15352,12.8797,80.081,0,LOW,0
17:49:22,24.3,1000.1,2572,-1092,16080,12.8797,80.081,0,LOW,0
17:49:23,24.3,1000.1,2572,-1092,16080,12.8797,80.081,0,LOW,0
17:49:24,24.3,1000.1,2572,-1092,16080,12.8797,80.081,0,LOW,0
17:49:25,24.3,1000.1,2572,-1092,16080,12.8797,80.081,0,LOW,0
17:49:26,24.3,1000.1,2572,-1092,16080,12.8797,80.081,0,LOW,0
17:49:28,24.3,1000.1,4180,1260,15676,12.8797,80.081,0,LOW,0
17:49:29,24.3,1000.1,4180,1260,15676,12.8797,80.081,0,LOW,0
17:49:30,24.3,1000.1,4180,1260,15676,12.8797,80.081,0,LOW,0
17:49:31,24.3,1000.1,4180,1260,15676,12.8797,80.081,0,LOW,0
17:49:32,24.3,1000.1,4180,1260,15676,12.8797,80.081,0,LOW,0
17:49:33,24.3,1000.1,4064,-1648,16312,12.8797,80.081,0,LOW,0
17:49:34,24.3,1000.1,4064,-1648,16312,12.8797,80.081,0,LOW,0
17:49:35,24.3,1000.1,4064,-1648,16312,12.8797,80.081,0,LOW,0
17:49:36,24.3,1000.1,4064,-1648,16312,12.8797,80.081,0,LOW,0
17:49:37,24.3,1000.1,4064,-1648,16312,12.8797,80.081,0,LOW,0
17:49:38,24.3,1000.1,4208,3348,14972,12.8797,80.081,0,LOW,0
17:49:39,24.3,1000.1,4208,3348,14972,12.8797,80.081,0,LOW,0
17:49:40,24.3,1000.1,4208,3348,14972,12.8797,80.081,0,LOW,0
17:49:41,24.3,1000.1,4208,3348,14972,12.8797,80.081,0,LOW,0
17:49:42,24.3,1000.1,4208,3348,14972,12.8797,80.081,0,LOW,0
17:49:43,24.4,1000.1,2756,-348,17192,12.8797,80.081,0,LOW,0
17:49:44,24.4,1000.1,2756,-348,17192,12.8797,80.081,0,LOW,0
17:49:55,24.6,1000.2,1592,264,16852,12.8797,80.081,0,LOW,0
17:49:56,24.6,1000.2,1592,264,16852,12.8797,80.081,0,LOW,0
17:49:57,24.6,1000.2,1592,264,16852,12.8797,80.081,0,LOW,0
17:49:58,24.6,1000.2,1592,264,16852,12.8797,80.081,0,LOW,0
17:49:59,24.6,1000.2,1592,264,16852,12.8797,80.081,0,LOW,0
17:50:00,24.6,1000.1,-9684,-100,23348,12.8797,80.081,0,LOW,0
17:50:01,24.6,1000.1,-9684,-100,23348,12.8797,80.081,0,LOW,0
17:50:02,24.6,1000.1,-9684,-100,23348,12.8797,80.081,0,LOW,0
17:50:03,24.6,1000.1,-9684,-100,23348,12.8797,80.081,0,LOW,0
17:50:04,24.6,1000.1,-9684,-100,23348,12.8797,80.081,0,LOW,0
17:50:05,24.7,1000.2,-108,-616,15760,12.8797,80.081,0,LOW,0
17:50:06,24.7,1000.2,-108,-616,15760,12.8797,80.081,0,LOW,0
17:50:07,24.7,1000.2,-108,-616,15760,12.8797,80.081,0,LOW,0
17:50:08,24.7,1000.2,-108,-616,15760,12.8797,80.081,0,LOW,0
17:50:09,24.7,1000.2,-108,-616,15760,12.8797,80.081,0,LOW,0
17:50:10,24.7,1000.2,-1200,-1408,17180,12.8797,80.081,0,LOW,0
17:50:11,24.7,1000.2,-1200,-1408,17180,12.8797,80.081,0,LOW,0
17:50:12,24.7,1000.2,-1200,-1408,17180,12.8797,80.081,0,LOW,0
17:50:13,24.7,1000.2,-1200,-1408,17180,12.8797,80.081,0,LOW,0
17:50:14,24.7,1000.2,-1200,-1408,17180,12.8797,80.081,0,LOW,0
17:50:15,24.7,1000.2,636,-1372,15044,12.8797,80.081,0,LOW,0
17:50:16,24.7,1000.2,636,-1372,15044,12.8797,80.081,0,LOW,0
17:50:17,24.7,1000.2,636,-1372,15044,12.8797,80.081,0,LOW,0
17:50:18,24.7,1000.2,636,-1372,15044,12.8797,80.081,0,LOW,0
17:50:19,24.7,1000.2,636,-1372,15044,12.8797,80.081,0,LOW,0
17:50:20,24.8,1000.1,552,-1164,16860,12.8797,80.081,0,LOW,0
17:50:21,24.8,1000.1,552,-1164,16860,12.8797,80.081,0,LOW,0
17:50:22,24.8,1000.1,552,-1164,16860,12.8797,80.081,0,LOW,0
17:50:23,24.8,1000.1,552,-1164,16860,12.8797,80.081,0,LOW,0
17:50:24,24.8,1000.1,552,-1164,16860,12.8797,80.081,0,LOW,0
17:50:25,24.8,1000.1,-76,404,16200,12.8797,80.081,0,LOW,0
17:50:26,24.8,1000.1,-76,404,16200,12.8797,80.081,0,LOW,0
17:50:27,24.8,1000.1,-76,404,16200,12.8797,80.081,0,LOW,0
17:50:28,24.8,1000.1,-76,404,16200,12.8797,80.081,0,LOW,0
17:50:29,24.8,1000.1,-76,404,16200,12.8797,80.081,0,LOW,0
17:50:30,24.8,1000.1,-76,404,16200,12.8797,80.081,0,LOW,0
17:50:31,24.8,1000.1,-76,404,16200,12.8797,80.081,0,MEDIUM,0
17:50:32,24.8,1000.1,-76,404,16200,12.8797,80.081,0,MEDIUM,0
17:50:34,24.8,1000.1,-76,404,16200,12.8797,80.081,0,MEDIUM,0
17:50:35,24.8,1000.1,-76,404,16200,12.8797,80.081,0,MEDIUM,0
17:50:36,24.8,1000.1,516,-124,17012,12.8797,80.081,0,MEDIUM,0
17:50:37,24.8,1000.1,516,-124,17012,12.8797,80.081,0,LOW,0
17:50:38,24.8,1000.1,516,-124,17012,12.8797,80.081,0,LOW,0
17:50:39,24.8,1000.1,516,-124,17012,12.8797,80.081,0,LOW,0
17:50:40,24.8,1000.1,516,-124,17012,12.8797,80.081,0,LOW,0
17:50:41,24.9,1000.1,396,-392,16528,12.8797,80.081,0,LOW,0
17:50:42,24.9,1000.1,396,-392,16528,12.8797,80.081,0,LOW,0
17:50:43,24.9,1000.1,396,-392,16528,12.8797,80.081,0,LOW,0
17:50:44,24.9,1000.1,396,-392,16528,12.8797,80.081,0,LOW,0
17:50:45,24.9,1000.1,396,-392,16528,12.8797,80.081,0,LOW,0
17:50:46,24.9,1000.2,-4,-732,15764,12.8797,80.081,0,LOW,0
17:50:47,24.9,1000.2,-4,-732,15764,12.8797,80.081,0,LOW,0
17:50:48,24.9,1000.2,-4,-732,15764,12.8797,80.081,0,LOW,0
17:50:49,24.9,1000.2,-4,-732,15764,12.8797,80.081,0,LOW,0
17:50:50,24.9,1000.2,-4,-732,15764,12.8797,80.081,0,LOW,0
17:50:51,24.9,1000.1,312,-568,16952,12.8797,80.081,0,LOW,0
17:50:52,24.9,1000.1,312,-568,16952,12.8797,80.081,0,LOW,0
17:50:53,24.9,1000.1,312,-568,16952,12.8797,80.081,0,LOW,0
17:50:54,24.9,1000.1,312,-568,16952,12.8797,80.081,0,LOW,0
17:50:55,24.9,1000.1,312,-568,16952,12.8797,80.081,0,LOW,0
17:50:56,24.9,1000.1,464,-596,16716,12.8797,80.081,0,LOW,0
17:50:57,24.9,1000.1,464,-596,16716,12.8797,80.081,0,LOW,0
17:50:58,24.9,1000.1,464,-596,16716,12.8797,80.081,0,LOW,0
17:50:59,24.9,1000.1,464,-596,16716,12.8797,80.081,0,LOW,0
17:51:00,24.9,1000.1,464,-596,16716,12.8797,80.081,0,LOW,0
17:51:01,25.0,1000.1,-448,-592,16636,12.8797,80.081,0,LOW,0
17:51:02,25.0,1000.1,-448,-592,16636,12.8797,80.081,0,LOW,0
17:51:03,25.0,1000.1,-448,-592,16636,12.8797,80.081,0,LOW,0
17:51:04,25.0,1000.1,-448,-592,16636,12.8797,80.081,0,LOW,0
17:51:05,25.0,1000.1,-448,-592,16636,12.8797,80.081,0,LOW,0
17:51:06,25.0,1000.1,60,-2616,16488,12.8797,80.081,0,LOW,0
17:51:07,25.0,1000.1,60,-2616,16488,12.8797,80.081,0,LOW,0
17:51:08,25.0,1000.1,60,-2616,16488,12.8797,80.081,0,LOW,0
17:51:09,25.0,1000.1,60,-2616,16488,12.8797,80.081,0,LOW,0
17:51:10,25.0,1000.1,60,-2616,16488,12.8797,80.081,0,LOW,0
17:51:11,25.0,1000.1,912,2384,15832,12.8797,80.081,0,LOW,0
17:51:12,25.0,1000.1,912,2384,15832,12.8797,80.081,0,LOW,0
17:51:13,25.0,1000.1,912,2384,15832,12.8797,80.081,0,LOW,0
17:51:14,25.0,1000.1,912,2384,15832,12.8797,80.081,0,LOW,0
17:51:15,25.0,1000.1,912,2384,15832,12.8797,80.081,0,LOW,0
17:51:16,25.1,1000.1,2988,-324,15764,12.8797,80.081,0,LOW,0
17:51:17,25.1,1000.1,2988,-324,15764,12.8797,80.081,0,LOW,0
17:51:18,25.1,1000.1,2988,-324,15764,12.8797,80.081,0,LOW,0
17:51:19,25.1,1000.1,2988,-324,15764,12.8797,80.081,0,LOW,0
17:51:20,25.1,1000.1,2988,-324,15764,12.8797,80.081,0,LOW,0
17:51:21,25.1,1000.1,-1256,-124,17460,12.8797,80.081,0,LOW,0
17:51:22,25.1,1000.1,-1256,-124,17460,12.8797,80.081,0,LOW,0
17:51:23,25.1,1000.1,-1256,-124,17460,12.8797,80.081,0,LOW,0
17:51:24,25.1,1000.1,-1256,-124,17460,12.8797,80.081,0,LOW,0
17:51:25,25.1,1000.1,-1256,-124,17460,12.8797,80.081,0,LOW,0
17:51:26,25.2,1000.1,768,-4,17328,12.8797,80.081,0,LOW,0
17:51:27,25.2,1000.1,768,-4,17328,12.8797,80.081,0,LOW,0
17:51:28,25.2,1000.1,768,-4,17328,12.8797,80.081,0,LOW,0
17:51:29,25.2,1000.1,768,-4,17328,12.8797,80.081,0,LOW,0
17:51:30,25.2,1000.1,768,-4,17328,12.8797,80.081,0,LOW,0
17:51:31,25.2,1000.1,1280,-1008,16156,12.8797,80.081,0,LOW,0
17:51:32,25.2,1000.1,1280,-1008,16156,12.8797,80.081,0,LOW,0
17:51:33,25.2,1000.1,1280,-1008,16156,12.8797,80.081,0,LOW,0
17:51:34,25.2,1000.1,1280,-1008,16156,12.8797,80.081,0,LOW,0
17:51:35,25.2,1000.1,1280,-1008,16156,12.8797,80.081,0,LOW,0
17:51:36,25.2,1000.1,2616,-280,17068,12.8797,80.081,0,LOW,0
17:51:37,25.2,1000.1,2616,-280,17068,12.8797,80.081,0,LOW,0
17:51:38,25.2,1000.1,2616,-280,17068,12.8797,80.081,0,LOW,0
17:51:39,25.2,1000.1,2616,-280,17068,12.8797,80.081,0,LOW,0
17:51:40,25.2,1000.1,2616,-280,17068,12.8797,80.081,0,LOW,0
17:51:41,25.3,1000.1,-3160,92,14460,12.8797,80.081,0,LOW,0
17:51:43,25.3,1000.1,-3160,92,14460,12.8797,80.081,0,LOW,0
17:51:44,25.3,1000.1,-3160,92,14460,12.8797,80.081,0,LOW,0
17:51:45,25.3,1000.1,-3160,92,14460,12.8797,80.081,0,LOW,0
17:51:46,25.3,1000.1,-3160,92,14460,12.8797,80.081,0,LOW,0
17:51:47,25.3,1000.1,3164,-2384,17340,12.8797,80.081,0,LOW,0
17:51:48,25.3,1000.1,3164,-2384,17340,12.8797,80.081,0,LOW,0
17:51:49,25.3,1000.1,3164,-2384,17340,12.8797,80.081,0,LOW,0
17:51:50,25.3,1000.1,3164,-2384,17340,12.8797,80.081,0,LOW,0
17:51:51,25.3,1000.1,3164,-2384,17340,12.8797,80.081,0,LOW,0
17:51:52,25.4,1000.1,2564,-1896,16180,12.8797,80.081,0,LOW,0
17:51:53,25.4,1000.1,2564,-1896,16180,12.8797,80.081,0,LOW,0
17:51:54,25.4,1000.1,2564,-1896,16180,12.8797,80.081,0,LOW,0
17:51:55,25.4,1000.1,2564,-1896,16180,12.8797,80.081,0,LOW,0
17:51:56,25.4,1000.1,2564,-1896,16180,12.8797,80.081,0,LOW,0
17:51:57,25.4,1000.1,792,-1540,16592,12.8797,80.081,0,LOW,0
17:51:58,25.4,1000.1,792,-1540,16592,12.8797,80.081,0,LOW,0
17:51:59,25.4,1000.1,792,-1540,16592,12.8797,80.081,0,LOW,0
17:52:00,25.4,1000.1,792,-1540,16592,12.8797,80.081,0,LOW,0
17:52:01,25.4,1000.1,792,-1540,16592,12.8797,80.081,0,LOW,0
17:52:02,25.4,1000.2,700,-1488,16568,12.8797,80.081,0,LOW,0
17:52:03,25.4,1000.2,700,-1488,16568,12.8797,80.081,0,LOW,0
17:52:04,25.4,1000.2,700,-1488,16568,12.8797,80.081,0,LOW,0
17:52:05,25.4,1000.2,700,-1488,16568,12.8797,80.081,0,LOW,0
17:52:06,25.4,1000.2,700,-1488,16568,12.8797,80.081,0,LOW,0
17:52:07,25.5,1000.1,916,-1556,16420,12.8797,80.081,0,LOW,0
17:52:08,25.5,1000.1,916,-1556,16420,12.8797,80.081,0,LOW,0
17:52:09,25.5,1000.1,916,-1556,16420,12.8797,80.081,0,LOW,0
17:52:10,25.5,1000.1,916,-1556,16420,12.8797,80.081,0,LOW,0
17:52:11,25.5,1000.1,916,-1556,16420,12.8797,80.081,0,LOW,0
17:52:12,25.5,1000.1,912,-1564,16604,12.8797,80.081,0,LOW,0
17:52:13,25.5,1000.1,912,-1564,16604,12.8797,80.081,0,LOW,0
17:52:14,25.5,1000.1,912,-1564,16604,12.8797,80.081,0,LOW,0
17:52:15,25.5,1000.1,912,-1564,16604,12.8797,80.081,0,LOW,0
17:52:16,25.5,1000.1,912,-1564,16604,12.8797,80.081,0,LOW,0
17:52:17,25.6,1000.1,-604,-752,16056,12.8797,80.081,0,LOW,0
17:52:18,25.6,1000.1,-604,-752,16056,12.8797,80.081,0,LOW,0
17:52:19,25.6,1000.1,-604,-752,16056,12.8797,80.081,0,LOW,0
17:52:20,25.6,1000.1,-604,-752,16056,12.8797,80.081,0,LOW,0
17:52:21,25.6,1000.1,-604,-752,16056,12.8797,80.081,0,LOW,0
17:52:22,25.6,1000.1,944,-1752,16376,12.8797,80.081,0,LOW,0
17:52:23,25.6,1000.1,944,-1752,16376,12.8797,80.081,0,LOW,0
17:52:24,25.6,1000.1,944,-1752,16376,12.8797,80.081,0,LOW,0
17:52:25,25.6,1000.1,944,-1752,16376,12.8797,80.081,0,LOW,0
17:52:26,25.6,1000.1,944,-1752,16376,12.8797,80.081,0,LOW,0
17:52:27,25.7,1000.2,1124,-1788,16572,12.8797,80.081,0,LOW,0
17:52:28,25.7,1000.2,1124,-1788,16572,12.8797,80.081,0,LOW,0
17:52:29,25.7,1000.2,1124,-1788,16572,12.8797,80.081,0,LOW,0
17:52:30,25.7,1000.2,1124,-1788,16572,12.8797,80.081,0,LOW,0
17:52:31,25.7,1000.2,1124,-1788,16572,12.8797,80.081,0,LOW,0
17:52:32,25.7,1000.1,1028,-1832,16420,12.8797,80.081,0,LOW,0
17:52:33,25.7,1000.1,1028,-1832,16420,12.8797,80.081,0,LOW,0
17:52:34,25.7,1000.1,1028,-1832,16420,12.8797,80.081,0,LOW,0
17:52:35,25.7,1000.1,1028,-1832,16420,12.8797,80.081,0,LOW,0
17:52:37,25.7,1000.1,1028,-1832,16420,12.8797,80.081,0,LOW,0
17:52:38,25.8,1000.1,-1228,1284,12900,12.8797,80.081,0,LOW,0
17:52:39,25.8,1000.1,-1228,1284,12900,12.8797,80.081,0,LOW,0
17:52:40,25.8,1000.1,-1228,1284,12900,12.8797,80.081,0,LOW,0
17:52:41,25.8,1000.1,-1228,1284,12900,12.8797,80.081,0,LOW,0
17:52:42,25.8,1000.1,-1228,1284,12900,12.8797,80.081,0,LOW,0
17:52:43,25.8,1000.1,-968,-124,18296,12.8797,80.081,0,LOW,0
17:52:44,25.8,1000.1,-968,-124,18296,12.8797,80.081,0,LOW,0
17:52:45,25.8,1000.1,-968,-124,18296,12.8797,80.081,0,LOW,0
17:52:46,25.8,1000.1,-968,-124,18296,12.8797,80.081,0,LOW,0
17:52:47,25.8,1000.1,-968,-124,18296,12.8797,80.081,0,LOW,0
17:52:48,25.8,1000.1,628,1232,16056,12.8797,80.081,0,LOW,0
17:52:49,25.8,1000.1,628,1232,16056,12.8797,80.081,0,LOW,0
17:52:50,25.8,1000.1,628,1232,16056,12.8797,80.081,0,LOW,0
17:52:51,25.8,1000.1,628,1232,16056,12.8797,80.081,0,LOW,0
17:52:52,25.8,1000.1,628,1232,16056,12.8797,80.081,0,LOW,0
17:52:53,25.9,1000.1,-3252,1632,13508,12.8797,80.081,0,LOW,0
17:53:36,27.0,1000.4,6084,244,17020,12.8797,80.081,0,LOW,0
17:53:37,27.0,1000.4,6084,244,17020,12.8797,80.081,0,LOW,0
17:53:38,27.0,1000.4,6084,244,17020,12.8797,80.081,0,LOW,0
17:53:39,27.0,1000.4,6084,244,17020,12.8797,80.081,0,LOW,0
17:53:40,27.0,1000.4,6084,244,17020,12.8797,80.081,0,LOW,0
17:53:41,27.2,1000.4,3240,36,16580,12.8797,80.081,0,LOW,0
17:53:42,27.2,1000.4,3240,36,16580,12.8797,80.081,0,LOW,0
17:53:43,27.2,1000.4,3240,36,16580,12.8797,80.081,0,LOW,0
17:53:44,27.2,1000.4,3240,36,16580,12.8797,80.081,0,LOW,0
17:53:45,27.2,1000.4,3240,36,16580,12.8797,80.081,0,LOW,0
17:53:46,27.2,1000.5,2880,-1760,16120,12.8797,80.081,0,LOW,0
17:53:47,27.2,1000.5,2880,-1760,16120,12.8797,80.081,0,LOW,0
17:53:48,27.2,1000.5,2880,-1760,16120,12.8797,80.081,0,LOW,0
17:53:49,27.2,1000.5,2880,-1760,16120,12.8797,80.081,0,LOW,0
17:53:50,27.2,1000.5,2880,-1760,16120,12.8797,80.081,0,LOW,0
17:53:51,27.3,1000.4,3620,-2064,15772,12.8797,80.081,0,LOW,0
17:53:52,27.3,1000.4,3620,-2064,15772,12.8797,80.081,0,LOW,0
17:53:53,27.3,1000.4,3620,-2064,15772,12.8797,80.081,0,LOW,0
17:53:54,27.3,1000.4,3620,-2064,15772,12.8797,80.081,0,LOW,0
17:53:55,27.3,1000.4,3620,-2064,15772,12.8797,80.081,0,LOW,0
17:53:56,27.4,1000.4,4420,-2528,15948,12.8797,80.081,0,LOW,0
17:53:57,27.4,1000.4,4420,-2528,15948,12.8797,80.081,0,LOW,0
17:53:58,27.4,1000.4,4420,-2528,15948,12.8797,80.081,0,LOW,0
17:53:59,27.4,1000.4,4420,-2528,15948,12.8797,80.081,0,LOW,0
17:54:00,27.4,1000.4,4420,-2528,15948,12.8797,80.081,0,LOW,0
17:54:01,27.4,1000.5,864,1220,15380,12.8797,80.081,0,LOW,0
17:54:02,27.4,1000.5,864,1220,15380,12.8797,80.081,0,LOW,0
17:54:03,27.4,1000.5,864,1220,15380,12.8797,80.081,0,LOW,0
17:54:04,27.4,1000.5,864,1220,15380,12.8797,80.081,0,LOW,0
17:54:05,27.4,1000.5,864,1220,15380,12.8797,80.081,0,LOW,0
17:54:06,27.4,1000.5,864,1220,15380,12.8797,80.081,0,LOW,0
17:54:07,27.4,1000.5,864,1220,15380,12.8797,80.081,0,LOW,0
17:54:08,27.4,1000.5,864,1220,15380,12.8797,80.081,0,LOW,0
17:54:09,27.4,1000.5,864,1220,15380,12.8797,80.081,0,LOW,0
17:54:10,27.4,1000.5,864,1220,15380,12.8797,80.081,0,LOW,0
17:54:11,27.4,1000.5,864,1220,15380,12.8797,80.081,0,LOW,0
17:54:12,27.4,1000.5,864,1220,15380,12.8797,80.081,0,LOW,0
17:54:13,27.4,1000.5,864,1220,15380,12.8797,80.081,0,LOW,0
17:54:14,27.4,1000.5,864,1220,15380,12.8797,80.081,0,LOW,0
17:54:15,27.4,1000.5,864,1220,15380,12.8797,80.081,0,LOW,0
17:54:16,27.4,1000.5,864,1220,15380,12.8797,80.081,0,LOW,0
17:54:17,27.4,1000.5,864,1220,15380,12.8797,80.081,0,LOW,0
17:54:18,27.4,1000.5,864,1220,15380,12.8797,80.081,0,LOW,0
17:54:19,27.4,1000.5,864,1220,15380,12.8797,80.081,0,LOW,0
17:54:20,27.4,1000.5,864,1220,15380,12.8797,80.081,0,LOW,0
17:54:21,27.4,1000.5,864,1220,15380,12.8797,80.081,0,LOW,0
17:54:22,27.4,1000.5,864,1220,15380,12.8797,80.081,0,LOW,0
17:54:23,27.4,1000.5,864,1220,15380,12.8797,80.081,0,LOW,0
17:54:24,27.4,1000.5,864,1220,15380,12.8797,80.081,0,LOW,0
17:54:25,27.4,1000.5,864,1220,15380,12.8797,80.081,0,LOW,0
17:54:26,27.4,1000.5,864,1220,15380,12.8797,80.081,0,LOW,0
17:54:27,27.4,1000.5,864,1220,15380,12.8797,80.081,0,LOW,0
17:54:28,27.4,1000.5,864,1220,15380,12.8797,80.081,0,LOW,0
17:54:29,27.4,1000.5,864,1220,15380,12.8797,80.081,0,LOW,0
17:54:30,27.4,1000.5,864,1220,15380,12.8797,80.081,0,LOW,0
17:54:31,27.4,1000.5,864,1220,15380,12.8797,80.081,0,LOW,0
17:54:32,27.4,1000.5,864,1220,15380,12.8797,80.081,0,LOW,0
17:54:33,27.4,1000.5,864,1220,15380,12.8797,80.081,0,LOW,0
17:54:35,27.4,1000.5,864,1220,15380,12.8797,80.081,0,LOW,0
17:54:36,27.4,1000.5,864,1220,15380,12.8797,80.081,0,LOW,0
17:54:37,27.4,1000.5,864,1220,15380,12.8797,80.081,0,LOW,0
17:54:38,27.4,1000.5,864,1220,15380,12.8797,80.081,0,LOW,0
17:54:39,27.4,1000.5,864,1220,15380,12.8797,80.081,0,LOW,0
17:54:40,27.4,1000.5,864,1220,15380,12.8797,80.081,0,LOW,0
17:54:41,27.4,1000.5,864,1220,15380,12.8797,80.081,0,LOW,0
17:54:42,27.4,1000.5,864,1220,15380,12.8797,80.081,0,LOW,0
17:54:43,27.4,1000.5,864,1220,15380,12.8797,80.081,0,LOW,0
17:54:44,27.4,1000.5,864,1220,15380,12.8797,80.081,0,LOW,0
17:54:45,27.4,1000.5,864,1220,15380,12.8797,80.081,0,LOW,0
17:54:46,27.4,1000.5,864,1220,15380,12.8797,80.081,0,LOW,0
17:54:47,27.4,1000.5,864,1220,15380,12.8797,80.081,0,LOW,0
17:54:48,27.4,1000.5,864,1220,15380,12.8797,80.081,0,LOW,0
17:54:49,27.4,1000.5,864,1220,15380,12.8797,80.081,0,LOW,0
17:54:50,27.4,1000.5,864,1220,15380,12.8797,80.081,0,LOW,0
17:54:51,27.4,1000.5,864,1220,15380,12.8797,80.081,0,LOW,0
17:54:52,27.4,1000.5,864,1220,15380,12.8797,80.081,0,LOW,0
17:54:53,27.4,1000.5,864,1220,15380,12.8797,80.081,0,LOW,0
17:54:54,27.4,1000.5,864,1220,15380,12.8797,80.081,0,LOW,0
17:54:55,27.4,1000.5,864,1220,15380,12.8797,80.081,0,LOW,0
17:54:56,27.4,1000.5,864,1220,15380,12.8797,80.081,0,LOW,0
17:54:57,27.4,1000.5,864,1220,15380,12.8797,80.081,0,LOW,0
17:54:58,27.4,1000.5,864,1220,15380,12.8797,80.081,0,LOW,0
17:54:59,27.4,1000.5,864,1220,15380,12.8797,80.081,0,LOW,0
17:55:00,27.4,1000.5,864,1220,15380,12.8797,80.081,0,LOW,0
17:55:01,28.2,1000.4,5776,-396,19048,12.8797,80.081,0,LOW,0
17:55:02,28.2,1000.4,5776,-396,19048,12.8797,80.081,0,LOW,0
17:55:03,28.2,1000.4,5776,-396,19048,12.8797,80.081,0,LOW,0
17:55:04,28.2,1000.4,5776,-396,19048,12.8797,80.081,0,LOW,0
17:55:05,28.2,1000.4,5776,-396,19048,12.8797,80.081,0,LOW,0
17:55:06,28.2,1000.4,4152,164,13532,12.8797,80.081,0,LOW,0
17:55:07,28.2,1000.4,4152,164,13532,12.8797,80.081,0,LOW,0
17:55:08,28.2,1000.4,4152,164,13532,12.8797,80.081,0,LOW,0
17:55:09,28.2,1000.4,4152,164,13532,12.8797,80.081,0,LOW,0
17:55:10,28.2,1000.4,4152,164,13532,12.8797,80.081,0,LOW,0
17:55:11,28.3,1000.4,2796,212,16344,12.8797,80.081,0,LOW,0
17:55:12,28.3,1000.4,2796,212,16344,12.8797,80.081,0,LOW,0
17:55:13,28.3,1000.4,2796,212,16344,12.8797,80.081,0,LOW,0
17:55:14,28.3,1000.4,2796,212,16344,12.8797,80.081,0,LOW,0
17:55:15,28.3,1000.4,2796,212,16344,12.8797,80.081,0,LOW,0
17:55:16,28.3,1000.5,5464,1116,16032,12.8797,80.081,0,LOW,0
17:55:17,28.3,1000.5,5464,1116,16032,12.8797,80.081,0,LOW,0
17:55:18,28.3,1000.5,5464,1116,16032,12.8797,80.081,0,LOW,0
17:55:19,28.3,1000.5,5464,1116,16032,12.8797,80.081,0,LOW,0
17:55:20,28.3,1000.5,5464,1116,16032,12.8797,80.081,0,LOW,0
18:41:45,26.4,1001.2,572,-192,16584,12.8797,80.081,0,LOW,0
18:41:46,26.4,1001.2,572,-192,16584,12.8797,80.081,0,LOW,0
18:41:47,26.4,1001.2,572,-192,16584,12.8797,80.081,0,LOW,0
18:41:48,26.4,1001.2,572,-192,16584,12.8797,80.081,0,LOW,0
18:41:49,26.4,1001.2,572,-192,16584,12.8797,80.081,0,LOW,0
18:41:50,26.4,1001.2,600,-216,16512,12.8797,80.081,0,LOW,0
18:41:51,26.4,1001.2,600,-216,16512,12.8797,80.081,0,LOW,0
18:41:52,26.4,1001.2,600,-216,16512,12.8797,80.081,0,LOW,0
18:41:53,26.4,1001.2,600,-216,16512,12.8797,80.081,0,LOW,0
18:41:54,26.4,1001.2,600,-216,16512,12.8797,80.081,0,LOW,0
18:41:55,26.3,1001.2,596,-168,16488,12.8797,80.081,0,LOW,0
18:41:56,26.3,1001.2,596,-168,16488,12.8797,80.081,0,LOW,0
18:41:57,26.3,1001.2,596,-168,16488,12.8797,80.081,0,LOW,0
18:41:58,26.3,1001.2,596,-168,16488,12.8797,80.081,0,LOW,0
18:41:59,26.3,1001.2,596,-168,16488,12.8797,80.081,0,LOW,0
18:42:00,26.3,1001.2,676,-148,16444,12.8797,80.081,0,LOW,0
18:42:01,26.3,1001.2,676,-148,16444,12.8797,80.081,0,LOW,0
18:42:02,26.3,1001.2,676,-148,16444,12.8797,80.081,0,LOW,0
18:42:03,26.3,1001.2,676,-148,16444,12.8797,80.081,0,LOW,0
18:42:04,26.3,1001.2,676,-148,16444,12.8797,80.081,0,LOW,0
18:42:05,26.2,1001.2,632,-192,16512,12.8797,80.081,0,LOW,0
18:42:06,26.2,1001.2,632,-192,16512,12.8797,80.081,0,LOW,0
18:42:07,26.2,1001.2,632,-192,16512,12.8797,80.081,0,LOW,0
18:42:08,26.2,1001.2,632,-192,16512,12.8797,80.081,0,LOW,0
18:42:09,26.2,1001.2,632,-192,16512,12.8797,80.081,0,LOW,0
18:42:10,26.2,1001.2,640,-188,16536,12.8797,80.081,0,LOW,0
18:42:11,26.2,1001.2,640,-188,16536,12.8797,80.081,0,LOW,0
18:42:12,26.2,1001.2,640,-188,16536,12.8797,80.081,0,LOW,0
18:42:13,26.2,1001.2,640,-188,16536,12.8797,80.081,0,LOW,0
18:42:14,26.2,1001.2,640,-188,16536,12.8797,80.081,0,LOW,0
18:42:15,26.2,1001.2,620,-164,16572,12.8797,80.081,0,LOW,0
18:42:16,26.2,1001.2,620,-164,16572,12.8797,80.081,0,LOW,0
18:42:17,26.2,1001.2,620,-164,16572,12.8797,80.081,0,LOW,0
18:42:19,26.2,1001.2,620,-164,16572,12.8797,80.081,0,LOW,0
18:42:20,26.2,1001.2,620,-164,16572,12.8797,80.081,0,LOW,0
18:42:21,26.1,1001.2,608,-172,16536,12.8797,80.081,0,LOW,0
18:42:22,26.1,1001.2,608,-172,16536,12.8797,80.081,0,LOW,0
18:42:23,26.1,1001.2,608,-172,16536,12.8797,80.081,0,LOW,0
18:42:28,26.0,1001.2,624,-140,16436,12.8797,80.081,0,LOW,0
18:42:29,26.0,1001.2,624,-140,16436,12.8797,80.081,0,LOW,0
18:42:30,26.0,1001.2,624,-140,16436,12.8797,80.081,0,LOW,0
18:42:31,26.0,1001.2,624,-140,16436,12.8797,80.081,0,LOW,0
18:42:32,26.0,1001.2,624,-140,16436,12.8797,80.081,0,LOW,0
18:42:34,26.0,1001.3,664,-208,16580,12.8797,80.081,0,LOW,0
18:42:35,26.0,1001.3,664,-208,16580,12.8797,80.081,0,LOW,0
18:42:36,26.0,1001.3,664,-208,16580,12.8797,80.081,0,LOW,0
18:42:37,26.0,1001.3,664,-208,16580,12.8797,80.081,0,LOW,0
18:42:38,26.0,1001.3,664,-208,16580,12.8797,80.081,0,LOW,0
18:42:39,26.0,1001.2,348,-532,16572,12.8797,80.081,0,LOW,0
18:42:40,26.0,1001.2,348,-532,16572,12.8797,80.081,0,LOW,0
18:42:41,26.0,1001.2,348,-532,16572,12.8797,80.081,0,LOW,0
18:42:42,26.0,1001.2,348,-532,16572,12.8797,80.081,0,LOW,0
18:42:43,26.0,1001.2,348,-532,16572,12.8797,80.081,0,LOW,0
18:42:44,26.0,1001.2,2224,-564,16700,12.8797,80.081,0,LOW,0
18:42:45,26.0,1001.2,2224,-564,16700,12.8797,80.081,0,LOW,0
18:42:46,26.0,1001.2,2224,-564,16700,12.8797,80.081,0,LOW,0
18:42:47,26.0,1001.2,2224,-564,16700,12.8797,80.081,0,LOW,0
18:42:48,26.0,1001.2,2224,-564,16700,12.8797,80.081,0,LOW,0
18:42:49,26.0,1001.2,1576,696,15736,12.8797,80.081,0,LOW,0
18:42:50,26.0,1001.2,1576,696,15736,12.8797,80.081,0,LOW,0
18:42:51,26.0,1001.2,1576,696,15736,12.8797,80.081,0,LOW,0
18:42:52,26.0,1001.2,1576,696,15736,12.8797,80.081,0,LOW,0
18:42:53,26.0,1001.2,1576,696,15736,12.8797,80.081,0,LOW,0
18:42:54,26.0,1001.2,1472,1468,16836,12.8797,80.081,0,LOW,0
18:42:55,26.0,1001.2,1472,1468,16836,12.8797,80.081,0,LOW,0
18:42:56,26.0,1001.2,1472,1468,16836,12.8797,80.081,0,LOW,0
18:42:57,26.0,1001.2,1472,1468,16836,12.8797,80.081,0,LOW,0
18:42:58,26.0,1001.2,1472,1468,16836,12.8797,80.081,0,LOW,0
18:42:59,26.0,1001.2,1804,1896,16064,12.8797,80.081,0,LOW,0
18:43:00,26.0,1001.2,1804,1896,16064,12.8797,80.081,0,LOW,0
18:43:01,26.0,1001.2,1804,1896,16064,12.8797,80.081,0,LOW,0
18:43:02,26.0,1001.2,1804,1896,16064,12.8797,80.081,0,LOW,0
18:43:03,26.0,1001.2,1804,1896,16064,12.8797,80.081,0,LOW,0
18:43:04,26.1,1001.3,1200,1304,16136,12.8797,80.081,0,LOW,0
18:43:05,26.1,1001.3,1200,1304,16136,12.8797,80.081,0,LOW,0
18:43:06,26.1,1001.3,1200,1304,16136,12.8797,80.081,0,LOW,0
18:43:07,26.1,1001.3,1200,1304,16136,12.8797,80.081,0,LOW,0
18:43:08,26.1,1001.3,1200,1304,16136,12.8797,80.081,0,LOW,0
18:43:09,26.4,1001.2,1956,2008,15232,12.8797,80.081,0,LOW,0
18:43:10,26.4,1001.2,1956,2008,15232,12.8797,80.081,0,LOW,0
18:43:11,26.4,1001.2,1956,2008,15232,12.8797,80.081,0,LOW,0
18:43:12,26.4,1001.2,1956,2008,15232,12.8797,80.081,0,LOW,0
18:43:13,26.4,1001.2,1956,2008,15232,12.8797,80.081,0,LOW,0
18:43:14,26.6,1001.3,2364,-2316,16412,12.8797,80.081,0,LOW,0
18:43:15,26.6,1001.3,2364,-2316,16412,12.8797,80.081,0,LOW,0
18:43:16,26.6,1001.3,2364,-2316,16412,12.8797,80.081,0,LOW,0
18:43:17,26.6,1001.3,2364,-2316,16412,12.8797,80.081,0,LOW,0
18:43:18,26.6,1001.3,2364,-2316,16412,12.8797,80.081,0,LOW,0
18:43:19,26.8,1001.3,324,-1728,17552,12.8797,80.081,0,LOW,0
18:43:20,26.8,1001.3,324,-1728,17552,12.8797,80.081,0,LOW,0
18:43:21,26.8,1001.3,324,-1728,17552,12.8797,80.081,0,LOW,0
18:43:22,26.8,1001.3,324,-1728,17552,12.8797,80.081,0,LOW,0
18:43:23,26.8,1001.3,324,-1728,17552,12.8797,80.081,0,LOW,0
18:43:24,26.9,1001.4,-612,-676,17948,12.8797,80.081,0,LOW,0
18:43:25,26.9,1001.4,-612,-676,17948,12.8797,80.081,0,LOW,0
18:43:26,26.9,1001.4,-612,-676,17948,12.8797,80.081,0,LOW,0
18:43:27,26.9,1001.4,-612,-676,17948,12.8797,80.081,0,LOW,0
18:43:28,26.9,1001.4,-612,-676,17948,12.8797,80.081,0,LOW,0
18:43:30,27.0,1001.4,88,-980,16448,12.8797,80.081,0,LOW,0
18:43:31,27.0,1001.4,88,-980,16448,12.8797,80.081,0,LOW,0
18:43:32,27.0,1001.4,88,-980,16448,12.8797,80.081,0,LOW,0
18:43:33,27.0,1001.4,88,-980,16448,12.8797,80.081,0,LOW,0
18:43:34,27.0,1001.4,88,-980,16448,12.8797,80.081,0,LOW,0
18:43:35,27.1,1001.4,136,-952,16600,12.8797,80.081,0,LOW,0
18:43:36,27.1,1001.4,136,-952,16600,12.8797,80.081,0,LOW,0
18:43:37,27.1,1001.4,136,-952,16600,12.8797,80.081,0,LOW,0
18:43:38,27.1,1001.4,136,-952,16600,12.8797,80.081,0,LOW,0
18:43:39,27.1,1001.4,136,-952,16600,12.8797,80.081,0,LOW,0
18:43:40,27.2,1001.4,180,-936,16592,12.8797,80.081,0,LOW,0
18:43:41,27.2,1001.4,180,-936,16592,12.8797,80.081,0,LOW,0
18:43:42,27.2,1001.4,180,-936,16592,12.8797,80.081,0,LOW,0
18:43:43,27.2,1001.4,180,-936,16592,12.8797,80.081,0,LOW,0
18:43:44,27.2,1001.4,180,-936,16592,12.8797,80.081,0,LOW,0
18:43:45,27.2,1001.3,88,-940,16484,12.8797,80.081,0,LOW,0
18:43:46,27.2,1001.3,88,-940,16484,12.8797,80.081,0,LOW,0
18:43:47,27.2,1001.3,88,-940,16484,12.8797,80.081,0,LOW,0
18:43:48,27.2,1001.3,88,-940,16484,12.8797,80.081,0,LOW,0
18:43:49,27.2,1001.3,88,-940,16484,12.8797,80.081,0,LOW,0
18:43:50,27.3,1001.4,116,-948,16572,12.8797,80.081,0,LOW,0
18:43:51,27.3,1001.4,116,-948,16572,12.8797,80.081,0,LOW,0
18:43:52,27.3,1001.4,116,-948,16572,12.8797,80.081,0,LOW,0
18:43:53,27.3,1001.4,116,-948,16572,12.8797,80.081,0,LOW,0
18:43:54,27.3,1001.4,116,-948,16572,12.8797,80.081,0,LOW,0
18:43:55,27.4,1001.4,92,-992,16556,12.8797,80.081,0,LOW,0
18:43:56,27.4,1001.4,92,-992,16556,12.8797,80.081,0,LOW,0
18:43:57,27.4,1001.4,92,-992,16556,12.8797,80.081,0,LOW,0
18:43:58,27.4,1001.4,92,-992,16556,12.8797,80.081,0,LOW,0
18:43:59,27.4,1001.4,92,-992,16556,12.8797,80.081,0,LOW,0
18:44:00,27.4,1001.4,120,-1056,16604,12.8797,80.081,0,LOW,0
18:44:01,27.4,1001.4,120,-1056,16604,12.8797,80.081,0,LOW,0
18:44:02,27.4,1001.4,120,-1056,16604,12.8797,80.081,0,LOW,0
18:44:03,27.4,1001.4,120,-1056,16604,12.8797,80.081,0,LOW,0
18:44:04,27.4,1001.4,120,-1056,16604,12.8797,80.081,0,LOW,0
18:44:05,27.5,1001.4,84,-1016,16572,12.8797,80.081,0,LOW,0
18:44:06,27.5,1001.4,84,-1016,16572,12.8797,80.081,0,LOW,0
18:44:07,27.5,1001.4,84,-1016,16572,12.8797,80.081,0,LOW,0
18:44:08,27.5,1001.4,84,-1016,16572,12.8797,80.081,0,LOW,0
18:44:09,27.5,1001.4,84,-1016,16572,12.8797,80.081,0,LOW,0
18:44:10,27.5,1001.4,104,-964,16664,12.8797,80.081,0,LOW,0
18:44:11,27.5,1001.4,104,-964,16664,12.8797,80.081,0,LOW,0
18:44:12,27.5,1001.4,104,-964,16664,12.8797,80.081,0,LOW,0
18:44:13,27.5,1001.4,104,-964,16664,12.8797,80.081,0,LOW,0
18:44:14,27.5,1001.4,104,-964,16664,12.8797,80.081,0,LOW,0
18:44:15,27.6,1001.4,72,-988,16480,12.8797,80.081,0,LOW,0
18:44:16,27.6,1001.4,72,-988,16480,12.8797,80.081,0,LOW,0
18:44:17,27.6,1001.4,72,-988,16480,12.8797,80.081,0,LOW,0
18:44:18,27.6,1001.4,72,-988,16480,12.8797,80.081,0,LOW,0
18:44:19,27.6,1001.4,72,-988,16480,12.8797,80.081,0,LOW,0
18:44:20,27.6,1001.4,104,-1040,16600,12.8797,80.081,0,LOW,0
18:44:21,27.6,1001.4,104,-1040,16600,12.8797,80.081,0,LOW,0
18:44:22,27.6,1001.4,104,-1040,16600,12.8797,80.081,0,LOW,0
18:44:23,27.6,1001.4,104,-1040,16600,12.8797,80.081,0,LOW,0
18:44:24,27.6,1001.4,104,-1040,16600,12.8797,80.081,0,LOW,0
18:44:25,27.7,1001.4,120,-976,16560,12.8797,80.081,0,LOW,0
18:44:26,27.7,1001.4,120,-976,16560,12.8797,80.081,0,LOW,0
18:44:27,27.7,1001.4,120,-976,16560,12.8797,80.081,0,LOW,0
18:44:28,27.7,1001.4,120,-976,16560,12.8797,80.081,0,LOW,0
18:44:29,27.7,1001.4,120,-976,16560,12.8797,80.081,0,LOW,0
18:44:30,27.8,1001.4,92,-1044,16624,12.8797,80.081,0,LOW,0
18:44:31,27.8,1001.4,92,-1044,16624,12.8797,80.081,0,LOW,0
18:44:32,27.8,1001.4,92,-1044,16624,12.8797,80.081,0,LOW,0
18:44:33,27.8,1001.4,92,-1044,16624,12.8797,80.081,0,LOW,0
18:44:34,27.8,1001.4,92,-1044,16624,12.8797,80.081,0,LOW,0
18:44:35,27.9,1001.4,56,-1068,16564,12.8797,80.081,0,LOW,0
18:44:37,27.9,1001.4,56,-1068,16564,12.8797,80.081,0,LOW,0
18:44:38,27.9,1001.4,56,-1068,16564,12.8797,80.081,0,LOW,0
18:44:39,27.9,1001.4,56,-1068,16564,12.8797,80.081,0,LOW,0
18:44:40,27.9,1001.4,56,-1068,16564,12.8797,80.081,0,LOW,0
18:44:41,28.0,1001.4,72,-1032,16676,12.8797,80.081,0,LOW,0
18:44:42,28.0,1001.4,72,-1032,16676,12.8797,80.081,0,LOW,0
18:44:43,28.0,1001.4,72,-1032,16676,12.8797,80.081,0,LOW,0
18:44:44,28.0,1001.4,72,-1032,16676,12.8797,80.081,0,LOW,0
18:44:45,28.0,1001.4,72,-1032,16676,12.8797,80.081,0,LOW,0
18:44:46,28.1,1001.4,68,-1032,16516,12.8797,80.081,0,LOW,0
18:44:47,28.1,1001.4,68,-1032,16516,12.8797,80.081,0,LOW,0
18:44:48,28.1,1001.4,68,-1032,16516,12.8797,80.081,0,LOW,0
18:44:49,28.1,1001.4,68,-1032,16516,12.8797,80.081,0,LOW,0
18:44:50,28.1,1001.4,68,-1032,16516,12.8797,80.081,0,LOW,0
18:44:51,28.1,1001.4,64,-1096,16544,12.8797,80.081,0,LOW,0
18:44:52,28.1,1001.4,64,-1096,16544,12.8797,80.081,0,LOW,0
18:44:53,28.1,1001.4,64,-1096,16544,12.8797,80.081,0,LOW,0
18:44:54,28.1,1001.4,64,-1096,16544,12.8797,80.081,0,LOW,0
18:44:55,28.1,1001.4,64,-1096,16544,12.8797,80.081,0,LOW,0
18:44:56,28.1,1001.4,104,-1040,16520,12.8797,80.081,0,LOW,0
18:44:57,28.1,1001.4,104,-1040,16520,12.8797,80.081,0,LOW,0
18:44:58,28.1,1001.4,104,-1040,16520,12.8797,80.081,0,LOW,0
18:44:59,28.1,1001.4,104,-1040,16520,12.8797,80.081,0,LOW,0
18:45:00,28.1,1001.4,104,-1040,16520,12.8797,80.081,0,LOW,0
18:45:01,28.2,1001.4,80,-1028,16568,12.8797,80.081,0,LOW,0
18:45:02,28.2,1001.4,80,-1028,16568,12.8797,80.081,0,LOW,0
18:45:03,28.2,1001.4,80,-1028,16568,12.8797,80.081,0,LOW,0
18:45:04,28.2,1001.4,80,-1028,16568,12.8797,80.081,0,LOW,0
18:45:05,28.2,1001.4,80,-1028,16568,12.8797,80.081,0,LOW,0
18:45:06,28.2,1001.4,28,-1032,16708,12.8797,80.081,0,LOW,0
18:45:07,28.2,1001.4,28,-1032,16708,12.8797,80.081,0,LOW,0
18:45:08,28.2,1001.4,28,-1032,16708,12.8797,80.081,0,LOW,0
18:45:09,28.2,1001.4,28,-1032,16708,12.8797,80.081,0,LOW,0
18:45:10,28.2,1001.4,28,-1032,16708,12.8797,80.081,0,LOW,0
18:45:11,28.3,1001.4,104,-1128,16632,12.8797,80.081,0,LOW,0
18:45:12,28.3,1001.4,104,-1128,16632,12.8797,80.081,0,LOW,0
18:45:13,28.3,1001.4,104,-1128,16632,12.8797,80.081,0,LOW,0
18:45:14,28.3,1001.4,104,-1128,16632,12.8797,80.081,0,LOW,0
18:45:15,28.3,1001.4,104,-1128,16632,12.8797,80.081,0,LOW,0
18:45:16,28.4,1001.4,68,-1072,16528,12.8797,80.081,0,LOW,0
18:45:17,28.4,1001.4,68,-1072,16528,12.8797,80.081,0,LOW,0
18:45:18,28.4,1001.4,68,-1072,16528,12.8797,80.081,0,LOW,0
18:45:19,28.4,1001.4,68,-1072,16528,12.8797,80.081,0,LOW,0
18:45:20,28.4,1001.4,68,-1072,16528,12.8797,80.081,0,LOW,0
18:45:21,28.4,1001.4,96,-1044,16456,12.8797,80.081,0,LOW,0
18:45:22,28.4,1001.4,96,-1044,16456,12.8797,80.081,0,LOW,0
18:45:23,28.4,1001.4,96,-1044,16456,12.8797,80.081,0,LOW,0
18:45:24,28.4,1001.4,96,-1044,16456,12.8797,80.081,0,LOW,0
18:45:25,28.4,1001.4,96,-1044,16456,12.8797,80.081,0,LOW,0
18:45:26,28.4,1001.4,0,-1076,16568,12.8797,80.081,0,LOW,0
18:45:27,28.4,1001.4,0,-1076,16568,12.8797,80.081,0,LOW,0
18:45:28,28.4,1001.4,0,-1076,16568,12.8797,80.081,0,LOW,0
18:45:29,28.4,1001.4,0,-1076,16568,12.8797,80.081,0,LOW,0
18:45:30,28.4,1001.4,0,-1076,16568,12.8797,80.081,0,LOW,0
18:45:31,28.5,1001.4,76,-1084,16612,12.8797,80.081,0,LOW,0
18:45:32,28.5,1001.4,76,-1084,16612,12.8797,80.081,0,LOW,0
18:45:33,28.5,1001.4,76,-1084,16612,12.8797,80.081,0,LOW,0
18:45:34,28.5,1001.4,76,-1084,16612,12.8797,80.081,0,LOW,0
18:45:36,28.5,1001.4,76,-1084,16612,12.8797,80.081,0,LOW,0
18:45:37,28.5,1001.5,0,-1084,16512,12.8797,80.081,0,LOW,0
18:45:38,28.5,1001.5,0,-1084,16512,12.8797,80.081,0,LOW,0
18:45:39,28.5,1001.5,0,-1084,16512,12.8797,80.081,0,LOW,0
18:45:40,28.5,1001.5,0,-1084,16512,12.8797,80.081,0,LOW,0
18:45:41,28.5,1001.5,0,-1084,16512,12.8797,80.081,0,LOW,0
18:45:42,28.5,1001.4,56,-1088,16504,12.8797,80.081,0,LOW,0
18:45:43,28.5,1001.4,56,-1088,16504,12.8797,80.081,0,LOW,0
18:45:44,28.5,1001.4,56,-1088,16504,12.8797,80.081,0,LOW,0
18:45:45,28.5,1001.4,56,-1088,16504,12.8797,80.081,0,LOW,0
18:45:46,28.5,1001.4,56,-1088,16504,12.8797,80.081,0,LOW,0
18:45:47,28.6,1001.4,8,-1040,16452,12.8797,80.081,0,LOW,0
18:45:48,28.6,1001.4,8,-1040,16452,12.8797,80.081,0,LOW,0
18:45:49,28.6,1001.4,8,-1040,16452,12.8797,80.081,0,LOW,0
18:45:50,28.6,1001.4,8,-1040,16452,12.8797,80.081,0,LOW,0
18:45:51,28.6,1001.4,8,-1040,16452,12.8797,80.081,0,LOW,0
18:45:52,28.5,1001.4,64,-1028,16624,12.8797,80.081,0,LOW,0
18:45:53,28.5,1001.4,64,-1028,16624,12.8797,80.081,0,LOW,0
18:45:54,28.5,1001.4,64,-1028,16624,12.8797,80.081,0,LOW,0
18:45:55,28.5,1001.4,64,-1028,16624,12.8797,80.081,0,LOW,0
18:45:56,28.5,1001.4,64,-1028,16624,12.8797,80.081,0,LOW,0
18:45:57,28.6,1001.4,40,-1020,16604,12.8797,80.081,0,LOW,0
18:45:58,28.6,1001.4,40,-1020,16604,12.8797,80.081,0,LOW,0
18:45:59,28.6,1001.4,40,-1020,16604,12.8797,80.081,0,LOW,0
18:46:00,28.6,1001.4,40,-1020,16604,12.8797,80.081,0,LOW,0
18:46:01,28.6,1001.4,40,-1020,16604,12.8797,80.081,0,LOW,0
18:46:02,28.6,1001.4,-8,-1004,16548,12.8797,80.081,0,LOW,0
18:46:03,28.6,1001.4,-8,-1004,16548,12.8797,80.081,0,LOW,0
18:46:04,28.6,1001.4,-8,-1004,16548,12.8797,80.081,0,LOW,0
18:46:05,28.6,1001.4,-8,-1004,16548,12.8797,80.081,0,LOW,0
18:46:06,28.6,1001.4,-8,-1004,16548,12.8797,80.081,0,LOW,0
18:46:07,28.6,1001.4,92,-1080,16616,12.8797,80.081,0,LOW,0
18:46:08,28.6,1001.4,92,-1080,16616,12.8797,80.081,0,LOW,0
18:46:09,28.6,1001.4,92,-1080,16616,12.8797,80.081,0,LOW,0
18:46:10,28.6,1001.4,92,-1080,16616,12.8797,80.081,0,LOW,0
18:46:11,28.6,1001.4,92,-1080,16616,12.8797,80.081,0,LOW,0
18:46:12,28.6,1001.4,72,-1128,16524,12.8797,80.081,0,LOW,0
18:46:14,28.6,1001.4,72,-1128,16524,12.8797,80.081,0,LOW,0
18:46:15,28.6,1001.4,72,-1128,16524,12.8797,80.081,0,LOW,0
18:46:16,28.6,1001.4,72,-1128,16524,12.8797,80.081,0,LOW,0
18:46:17,28.6,1001.4,72,-1128,16524,12.8797,80.081,0,LOW,0
18:46:18,28.7,1001.4,-32,-1068,16584,12.8797,80.081,0,LOW,0
18:46:19,28.7,1001.4,-32,-1068,16584,12.8797,80.081,0,LOW,0
18:46:20,28.7,1001.4,-32,-1068,16584,12.8797,80.081,0,LOW,0
18:46:21,28.7,1001.4,-32,-1068,16584,12.8797,80.081,0,LOW,0
18:46:22,28.7,1001.4,-32,-1068,16584,12.8797,80.081,0,LOW,0
18:46:23,28.7,1001.4,32,-1052,16528,12.8797,80.081,0,LOW,0
18:46:24,28.7,1001.4,32,-1052,16528,12.8797,80.081,0,LOW,0
18:46:25,28.7,1001.4,32,-1052,16528,12.8797,80.081,0,LOW,0
18:46:26,28.7,1001.4,32,-1052,16528,12.8797,80.081,0,LOW,0
18:46:27,28.7,1001.4,32,-1052,16528,12.8797,80.081,0,LOW,0
18:46:28,28.7,1001.4,16,-1080,16524,12.8797,80.081,0,LOW,0
18:46:29,28.7,1001.4,16,-1080,16524,12.8797,80.081,0,LOW,0
18:46:30,28.7,1001.4,16,-1080,16524,12.8797,80.081,0,LOW,0
18:46:31,28.7,1001.4,16,-1080,16524,12.8797,80.081,0,LOW,0
18:46:32,28.7,1001.4,16,-1080,16524,12.8797,80.081,0,LOW,0
18:46:33,28.7,1001.4,-16,-1012,16524,12.8797,80.081,0,LOW,0
18:46:35,28.7,1001.4,-16,-1012,16524,12.8797,80.081,0,LOW,0
18:46:36,28.7,1001.4,-16,-1012,16524,12.8797,80.081,0,LOW,0
18:46:37,28.7,1001.4,-16,-1012,16524,12.8797,80.081,0,LOW,0
18:46:38,28.7,1001.4,-16,-1012,16524,12.8797,80.081,0,LOW,0
18:46:39,28.8,1001.4,-36,-1112,16556,12.8797,80.081,0,LOW,0
18:46:40,28.8,1001.4,-36,-1112,16556,12.8797,80.081,0,LOW,0
18:46:41,28.8,1001.4,-36,-1112,16556,12.8797,80.081,0,LOW,0
18:46:42,28.8,1001.4,-36,-1112,16556,12.8797,80.081,0,LOW,0
18:46:43,28.8,1001.4,-36,-1112,16556,12.8797,80.081,0,LOW,0
18:46:44,28.8,1001.4,76,-1048,16408,12.8797,80.081,0,LOW,0
18:46:45,28.8,1001.4,76,-1048,16408,12.8797,80.081,0,LOW,0
18:46:46,28.8,1001.4,76,-1048,16408,12.8797,80.081,0,LOW,0
18:46:47,28.8,1001.4,76,-1048,16408,12.8797,80.081,0,LOW,0
18:46:48,28.8,1001.4,76,-1048,16408,12.8797,80.081,0,LOW,0
18:46:49,28.8,1001.4,32,-1096,16584,12.8797,80.081,0,LOW,0
18:46:50,28.8,1001.4,32,-1096,16584,12.8797,80.081,0,LOW,0
18:46:51,28.8,1001.4,32,-1096,16584,12.8797,80.081,0,LOW,0
18:46:52,28.8,1001.4,32,-1096,16584,12.8797,80.081,0,LOW,0
18:46:54,28.8,1001.4,32,-1096,16584,12.8797,80.081,0,LOW,0
18:46:55,28.8,1001.4,8,-1100,16432,12.8797,80.081,0,LOW,0
18:46:56,28.8,1001.4,8,-1100,16432,12.8797,80.081,0,LOW,0
18:46:57,28.8,1001.4,8,-1100,16432,12.8797,80.081,0,LOW,0
18:46:58,28.8,1001.4,8,-1100,16432,12.8797,80.081,0,LOW,0
18:46:59,28.8,1001.4,8,-1100,16432,12.8797,80.081,0,LOW,0
18:47:00,28.8,1001.4,8,-1100,16432,12.8797,80.081,0,LOW,0
18:47:01,28.8,1001.4,8,-1100,16432,12.8797,80.081,0,MEDIUM,0
18:47:02,28.8,1001.4,8,-1100,16432,12.8797,80.081,0,MEDIUM,0
18:47:03,28.8,1001.4,8,-1100,16432,12.8797,80.081,0,MEDIUM,0
18:47:05,28.8,1001.4,8,-1100,16432,12.8797,80.081,0,MEDIUM,0
18:47:06,28.9,1001.4,28,-1076,16716,12.8797,80.081,0,MEDIUM,0
18:47:07,28.9,1001.4,28,-1076,16716,12.8797,80.081,0,LOW,0
18:47:08,28.9,1001.4,28,-1076,16716,12.8797,80.081,0,LOW,0
18:47:09,28.9,1001.4,28,-1076,16716,12.8797,80.081,0,LOW,0
18:47:10,28.9,1001.4,28,-1076,16716,12.8797,80.081,0,LOW,0
18:47:11,28.9,1001.4,12,-1036,16584,12.8797,80.081,0,LOW,0
18:47:12,28.9,1001.4,12,-1036,16584,12.8797,80.081,0,LOW,0
18:47:13,28.9,1001.4,12,-1036,16584,12.8797,80.081,0,LOW,0
18:47:14,28.9,1001.4,12,-1036,16584,12.8797,80.081,0,LOW,0
18:47:15,28.9,1001.4,12,-1036,16584,12.8797,80.081,0,LOW,0
18:47:16,28.9,1001.4,24,-1024,16672,12.8797,80.081,0,LOW,0
18:47:17,28.9,1001.4,24,-1024,16672,12.8797,80.081,0,LOW,0
18:47:18,28.9,1001.4,24,-1024,16672,12.8797,80.081,0,LOW,0
18:47:19,28.9,1001.4,24,-1024,16672,12.8797,80.081,0,LOW,0
18:47:20,28.9,1001.4,24,-1024,16672,12.8797,80.081,0,LOW,0
18:47:21,28.9,1001.5,-24,-1020,16500,12.8797,80.081,0,LOW,0
18:47:22,28.9,1001.5,-24,-1020,16500,12.8797,80.081,0,LOW,0
18:47:23,28.9,1001.5,-24,-1020,16500,12.8797,80.081,0,LOW,0
18:47:24,28.9,1001.5,-24,-1020,16500,12.8797,80.081,0,LOW,0
18:47:25,28.9,1001.5,-24,-1020,16500,12.8797,80.081,0,LOW,0
18:47:26,28.9,1001.5,-24,-1020,16500,12.8797,80.081,0,LOW,0
18:47:27,28.9,1001.5,-24,-1020,16500,12.8797,80.081,0,MEDIUM,0
18:47:28,28.9,1001.5,-24,-1020,16500,12.8797,80.081,0,MEDIUM,0
18:47:29,28.9,1001.5,-24,-1020,16500,12.8797,80.081,0,MEDIUM,0
18:47:31,28.9,1001.5,-24,-1020,16500,12.8797,80.081,0,MEDIUM,0
18:47:32,29.0,1001.4,64,-1052,16576,12.8797,80.081,0,MEDIUM,0
18:47:33,29.0,1001.4,64,-1052,16576,12.8797,80.081,0,LOW,0
18:47:34,29.0,1001.4,64,-1052,16576,12.8797,80.081,0,LOW,0
18:47:35,29.0,1001.4,64,-1052,16576,12.8797,80.081,0,LOW,0
18:47:36,29.0,1001.4,64,-1052,16576,12.8797,80.081,0,LOW,0
18:47:37,29.0,1001.5,60,-1036,16504,12.8797,80.081,0,LOW,0
18:47:38,29.0,1001.5,60,-1036,16504,12.8797,80.081,0,LOW,0
18:47:39,29.0,1001.5,60,-1036,16504,12.8797,80.081,0,LOW,0
18:47:40,29.0,1001.5,60,-1036,16504,12.8797,80.081,0,LOW,0
18:47:41,29.0,1001.5,60,-1036,16504,12.8797,80.081,0,LOW,0
18:47:42,29.0,1001.5,-20,-1076,16556,12.8797,80.081,0,LOW,0
18:47:43,29.0,1001.5,-20,-1076,16556,12.8797,80.081,0,LOW,0
18:47:44,29.0,1001.5,-20,-1076,16556,12.8797,80.081,0,LOW,0
18:47:45,29.0,1001.5,-20,-1076,16556,12.8797,80.081,0,LOW,0
18:47:46,29.0,1001.5,-20,-1076,16556,12.8797,80.081,0,LOW,0
18:47:47,29.0,1001.5,80,-1116,16668,12.8797,80.081,0,LOW,0
18:47:48,29.0,1001.5,80,-1116,16668,12.8797,80.081,0,LOW,0
18:47:49,29.0,1001.5,80,-1116,16668,12.8797,80.081,0,LOW,0
18:47:50,29.0,1001.5,80,-1116,16668,12.8797,80.081,0,LOW,0
18:47:51,29.0,1001.5,80,-1116,16668,12.8797,80.081,0,LOW,0
18:47:52,29.0,1001.5,60,-1084,16572,12.8797,80.081,0,LOW,0
18:47:53,29.0,1001.5,60,-1084,16572,12.8797,80.081,0,LOW,0
18:47:54,29.0,1001.5,60,-1084,16572,12.8797,80.081,0,LOW,0
18:47:55,29.0,1001.5,60,-1084,16572,12.8797,80.081,0,LOW,0
18:47:56,29.0,1001.5,60,-1084,16572,12.8797,80.081,0,LOW,0
18:47:57,29.0,1001.5,56,-972,16584,12.8797,80.081,0,LOW,0
18:47:58,29.0,1001.5,56,-972,16584,12.8797,80.081,0,LOW,0
18:47:59,29.0,1001.5,56,-972,16584,12.8797,80.081,0,LOW,0
18:48:01,29.0,1001.5,56,-972,16584,12.8797,80.081,0,LOW,0
18:48:02,29.0,1001.5,56,-972,16584,12.8797,80.081,0,LOW,0
18:48:03,29.1,1001.5,20,-1052,16604,12.8797,80.081,0,LOW,0
18:48:04,29.1,1001.5,20,-1052,16604,12.8797,80.081,0,LOW,0
18:48:05,29.1,1001.5,20,-1052,16604,12.8797,80.081,0,LOW,0
18:48:06,29.1,1001.5,20,-1052,16604,12.8797,80.081,0,LOW,0
18:48:07,29.1,1001.5,20,-1052,16604,12.8797,80.081,0,LOW,0
18:48:08,29.2,1001.5,80,-1084,16620,12.8797,80.081,0,LOW,0
18:48:09,29.2,1001.5,80,-1084,16620,12.8797,80.081,0,LOW,0
18:48:10,29.2,1001.5,80,-1084,16620,12.8797,80.081,0,LOW,0
18:48:11,29.2,1001.5,80,-1084,16620,12.8797,80.081,0,LOW,0
18:48:13,29.2,1001.5,80,-1084,16620,12.8797,80.081,0,LOW,0
18:48:14,29.2,1001.5,24,-1040,16592,12.8797,80.081,0,LOW,0
18:48:15,29.2,1001.5,24,-1040,16592,12.8797,80.081,0,LOW,0
18:48:16,29.2,1001.5,24,-1040,16592,12.8797,80.081,0,LOW,0
18:48:17,29.2,1001.5,24,-1040,16592,12.8797,80.081,0,LOW,0
18:48:18,29.2,1001.5,24,-1040,16592,12.8797,80.081,0,LOW,0
18:48:19,29.2,1001.5,28,-1084,16468,12.8797,80.081,0,LOW,0
18:48:20,29.2,1001.5,28,-1084,16468,12.8797,80.081,0,LOW,0
18:48:21,29.2,1001.5,28,-1084,16468,12.8797,80.081,0,LOW,0
18:48:22,29.2,1001.5,28,-1084,16468,12.8797,80.081,0,LOW,0
18:48:23,29.2,1001.5,28,-1084,16468,12.8797,80.081,0,LOW,0
18:48:24,29.2,1001.5,-16,-1040,16536,12.8797,80.081,0,LOW,0
18:48:25,29.2,1001.5,-16,-1040,16536,12.8797,80.081,0,LOW,0
18:48:26,29.2,1001.5,-16,-1040,16536,12.8797,80.081,0,LOW,0
18:48:27,29.2,1001.5,-16,-1040,16536,12.8797,80.081,0,LOW,0
18:48:28,29.2,1001.5,-16,-1040,16536,12.8797,80.081,0,LOW,0
18:48:29,29.2,1001.5,68,-1072,16524,12.8797,80.081,0,LOW,0
18:48:31,29.2,1001.5,68,-1072,16524,12.8797,80.081,0,LOW,0
18:48:32,29.2,1001.5,68,-1072,16524,12.8797,80.081,0,LOW,0
18:48:33,29.2,1001.5,68,-1072,16524,12.8797,80.081,0,LOW,0
18:48:34,29.2,1001.5,68,-1072,16524,12.8797,80.081,0,LOW,0
18:48:35,29.2,1001.5,-24,-1084,16516,12.8797,80.081,0,LOW,0
18:48:36,29.2,1001.5,-24,-1084,16516,12.8797,80.081,0,LOW,0
18:48:37,29.2,1001.5,-24,-1084,16516,12.8797,80.081,0,LOW,0
18:48:38,29.2,1001.5,-24,-1084,16516,12.8797,80.081,0,LOW,0
18:48:39,29.2,1001.5,-24,-1084,16516,12.8797,80.081,0,LOW,0
18:48:40,29.2,1001.5,-12,-1056,16596,12.8797,80.081,0,LOW,0
18:48:41,29.2,1001.5,-12,-1056,16596,12.8797,80.081,0,LOW,0
18:48:42,29.2,1001.5,-12,-1056,16596,12.8797,80.081,0,LOW,0
18:48:43,29.2,1001.5,-12,-1056,16596,12.8797,80.081,0,LOW,0
18:48:44,29.2,1001.5,-12,-1056,16596,12.8797,80.081,0,LOW,0
18:48:45,29.2,1001.5,72,-1072,16460,12.8797,80.081,0,LOW,0
18:48:46,29.2,1001.5,72,-1072,16460,12.8797,80.081,0,LOW,0
18:48:47,29.2,1001.5,72,-1072,16460,12.8797,80.081,0,LOW,0
18:48:48,29.2,1001.5,72,-1072,16460,12.8797,80.081,0,LOW,0
18:48:50,29.2,1001.5,72,-1072,16460,12.8797,80.081,0,LOW,0
18:48:51,29.3,1001.5,-36,-1020,16528,12.8797,80.081,0,LOW,0
18:48:52,29.3,1001.5,-36,-1020,16528,12.8797,80.081,0,LOW,0
18:48:53,29.3,1001.5,-36,-1020,16528,12.8797,80.081,0,LOW,0
18:48:54,29.3,1001.5,-36,-1020,16528,12.8797,80.081,0,LOW,0
18:48:55,29.3,1001.5,-36,-1020,16528,12.8797,80.081,0,LOW,0
18:48:56,29.3,1001.5,-20,-1020,16592,12.8797,80.081,0,LOW,0
18:48:57,29.3,1001.5,-20,-1020,16592,12.8797,80.081,0,LOW,0
18:48:58,29.3,1001.5,-20,-1020,16592,12.8797,80.081,0,LOW,0
18:48:59,29.3,1001.5,-20,-1020,16592,12.8797,80.081,0,LOW,0
18:49:00,29.3,1001.5,-20,-1020,16592,12.8797,80.081,0,LOW,0
18:49:01,29.3,1001.5,8,-1076,16536,12.8797,80.081,0,LOW,0
18:49:02,29.3,1001.5,8,-1076,16536,12.8797,80.081,0,LOW,0
18:49:03,29.3,1001.5,8,-1076,16536,12.8797,80.081,0,LOW,0
18:49:04,29.3,1001.5,8,-1076,16536,12.8797,80.081,0,LOW,0
18:49:05,29.3,1001.5,8,-1076,16536,12.8797,80.081,0,LOW,0
18:49:06,29.3,1001.5,-28,-1096,16544,12.8797,80.081,0,LOW,0
18:49:07,29.3,1001.5,-28,-1096,16544,12.8797,80.081,0,LOW,0
18:49:08,29.3,1001.5,-28,-1096,16544,12.8797,80.081,0,LOW,0
18:49:09,29.3,1001.5,-28,-1096,16544,12.8797,80.081,0,LOW,0
18:49:10,29.3,1001.5,-28,-1096,16544,12.8797,80.081,0,LOW,0
18:49:11,29.3,1001.5,8,-1112,16560,12.8797,80.081,0,LOW,0
18:49:12,29.3,1001.5,8,-1112,16560,12.8797,80.081,0,LOW,0
18:49:13,29.3,1001.5,8,-1112,16560,12.8797,80.081,0,LOW,0
18:49:14,29.3,1001.5,8,-1112,16560,12.8797,80.081,0,LOW,0
18:49:15,29.3,1001.5,8,-1112,16560,12.8797,80.081,0,LOW,0
18:49:16,29.3,1001.5,-48,-1096,16520,12.8797,80.081,0,LOW,0
18:49:17,29.3,1001.5,-48,-1096,16520,12.8797,80.081,0,LOW,0
18:49:18,29.3,1001.5,-48,-1096,16520,12.8797,80.081,0,LOW,0
18:49:19,29.3,1001.5,-48,-1096,16520,12.8797,80.081,0,LOW,0
18:49:20,29.3,1001.5,-48,-1096,16520,12.8797,80.081,0,LOW,0
18:49:21,29.3,1001.5,36,-1064,16584,12.8797,80.081,0,LOW,0
18:49:22,29.3,1001.5,36,-1064,16584,12.8797,80.081,0,LOW,0
18:49:23,29.3,1001.5,36,-1064,16584,12.8797,80.081,0,LOW,0
18:49:24,29.3,1001.5,36,-1064,16584,12.8797,80.081,0,LOW,0
18:49:25,29.3,1001.5,36,-1064,16584,12.8797,80.081,0,LOW,0
18:49:26,29.3,1001.5,-32,-1124,16448,12.8797,80.081,0,LOW,0
18:49:27,29.3,1001.5,-32,-1124,16448,12.8797,80.081,0,LOW,0
18:49:28,29.3,1001.5,-32,-1124,16448,12.8797,80.081,0,LOW,0
18:49:29,29.3,1001.5,-32,-1124,16448,12.8797,80.081,0,LOW,0
18:49:30,29.3,1001.5,-32,-1124,16448,12.8797,80.081,0,LOW,0
18:49:31,29.3,1001.5,8,-1124,16568,12.8797,80.081,0,LOW,0
18:49:32,29.3,1001.5,8,-1124,16568,12.8797,80.081,0,LOW,0
18:49:33,29.3,1001.5,8,-1124,16568,12.8797,80.081,0,LOW,0
18:49:34,29.3,1001.5,8,-1124,16568,12.8797,80.081,0,LOW,0
18:49:35,29.3,1001.5,8,-1124,16568,12.8797,80.081,0,LOW,0
18:49:36,29.3,1001.4,52,-1024,16580,12.8797,80.081,0,LOW,0
18:49:37,29.3,1001.4,52,-1024,16580,12.8797,80.081,0,LOW,0
18:49:38,29.3,1001.4,52,-1024,16580,12.8797,80.081,0,LOW,0
18:49:39,29.3,1001.4,52,-1024,16580,12.8797,80.081,0,LOW,0
18:49:40,29.3,1001.4,52,-1024,16580,12.8797,80.081,0,LOW,0
18:49:41,29.4,1001.5,28,-1124,16592,12.8797,80.081,0,LOW,0
18:49:42,29.4,1001.5,28,-1124,16592,12.8797,80.081,0,LOW,0
18:49:43,29.4,1001.5,28,-1124,16592,12.8797,80.081,0,LOW,0
18:49:44,29.4,1001.5,28,-1124,16592,12.8797,80.081,0,LOW,0
18:49:45,29.4,1001.5,28,-1124,16592,12.8797,80.081,0,LOW,0
18:49:46,29.4,1001.5,48,-1072,16536,12.8797,80.081,0,LOW,0
18:49:47,29.4,1001.5,48,-1072,16536,12.8797,80.081,0,LOW,0
18:49:48,29.4,1001.5,48,-1072,16536,12.8797,80.081,0,LOW,0
18:49:50,29.4,1001.5,48,-1072,16536,12.8797,80.081,0,LOW,0
18:49:51,29.4,1001.5,48,-1072,16536,12.8797,80.081,0,LOW,0
18:49:52,29.4,1001.5,0,-1060,16640,12.8797,80.081,0,LOW,0
18:49:53,29.4,1001.5,0,-1060,16640,12.8797,80.081,0,LOW,0
18:49:54,29.4,1001.5,0,-1060,16640,12.8797,80.081,0,LOW,0
18:49:55,29.4,1001.5,0,-1060,16640,12.8797,80.081,0,LOW,0
18:49:56,29.4,1001.5,0,-1060,16640,12.8797,80.081,0,LOW,0
18:49:57,29.4,1001.5,16,-1084,16484,12.8797,80.081,0,LOW,0
18:49:58,29.4,1001.5,16,-1084,16484,12.8797,80.081,0,LOW,0
18:49:59,29.4,1001.5,16,-1084,16484,12.8797,80.081,0,LOW,0
18:50:00,29.4,1001.5,16,-1084,16484,12.8797,80.081,0,LOW,0
18:50:01,29.4,1001.5,16,-1084,16484,12.8797,80.081,0,LOW,0
18:50:02,29.4,1001.5,48,-1044,16604,12.8797,80.081,0,LOW,0
18:50:03,29.4,1001.5,48,-1044,16604,12.8797,80.081,0,LOW,0
18:50:04,29.4,1001.5,48,-1044,16604,12.8797,80.081,0,LOW,0
18:50:05,29.4,1001.5,48,-1044,16604,12.8797,80.081,0,LOW,0
18:50:06,29.4,1001.5,48,-1044,16604,12.8797,80.081,0,LOW,0
18:50:07,29.5,1001.5,-24,-1060,16580,12.8797,80.081,0,LOW,0
18:50:08,29.5,1001.5,-24,-1060,16580,12.8797,80.081,0,LOW,0
18:50:09,29.5,1001.5,-24,-1060,16580,12.8797,80.081,0,LOW,0
18:50:10,29.5,1001.5,-24,-1060,16580,12.8797,80.081,0,LOW,0
18:50:11,29.5,1001.5,-24,-1060,16580,12.8797,80.081,0,LOW,0
18:50:12,29.5,1001.5,-44,-988,16552,12.8797,80.081,0,LOW,0
18:50:13,29.5,1001.5,-44,-988,16552,12.8797,80.081,0,LOW,0
18:50:14,29.5,1001.5,-44,-988,16552,12.8797,80.081,0,LOW,0
18:50:15,29.5,1001.5,-44,-988,16552,12.8797,80.081,0,LOW,0
18:50:16,29.5,1001.5,-44,-988,16552,12.8797,80.081,0,LOW,0
18:50:17,29.5,1001.5,-32,-1032,16532,12.8797,80.081,0,LOW,0
18:50:18,29.5,1001.5,-32,-1032,16532,12.8797,80.081,0,LOW,0
18:50:19,29.5,1001.5,-32,-1032,16532,12.8797,80.081,0,LOW,0
18:50:20,29.5,1001.5,-32,-1032,16532,12.8797,80.081,0,LOW,0
18:50:21,29.5,1001.5,-32,-1032,16532,12.8797,80.081,0,LOW,0
18:50:22,29.5,1001.5,28,-980,16612,12.8797,80.081,0,LOW,0
18:50:24,29.5,1001.5,28,-980,16612,12.8797,80.081,0,LOW,0
18:50:25,29.5,1001.5,28,-980,16612,12.8797,80.081,0,LOW,0
18:50:26,29.5,1001.5,28,-980,16612,12.8797,80.081,0,LOW,0
18:50:27,29.5,1001.5,28,-980,16612,12.8797,80.081,0,LOW,0
18:50:28,29.5,1001.5,36,-1028,16596,12.8797,80.081,0,LOW,0
18:50:29,29.5,1001.5,36,-1028,16596,12.8797,80.081,0,LOW,0
18:50:30,29.5,1001.5,36,-1028,16596,12.8797,80.081,0,LOW,0
18:50:31,29.5,1001.5,36,-1028,16596,12.8797,80.081,0,LOW,0
18:50:32,29.5,1001.5,36,-1028,16596,12.8797,80.081,0,LOW,0
18:50:33,29.5,1001.5,28,-1104,16624,12.8797,80.081,0,LOW,0
18:50:34,29.5,1001.5,28,-1104,16624,12.8797,80.081,0,LOW,0
18:50:35,29.5,1001.5,28,-1104,16624,12.8797,80.081,0,LOW,0
18:50:36,29.5,1001.5,28,-1104,16624,12.8797,80.081,0,LOW,0
18:50:37,29.5,1001.5,28,-1104,16624,12.8797,80.081,0,LOW,0
18:50:39,29.6,1001.5,-28,-1080,16600,12.8797,80.081,0,LOW,0
18:50:40,29.6,1001.5,-28,-1080,16600,12.8797,80.081,0,LOW,0
18:50:41,29.6,1001.5,-28,-1080,16600,12.8797,80.081,0,LOW,0
18:50:42,29.6,1001.5,-28,-1080,16600,12.8797,80.081,0,LOW,0
18:50:43,29.6,1001.5,-28,-1080,16600,12.8797,80.081,0,LOW,0
18:50:44,29.6,1001.5,-4,-1108,16584,12.8797,80.081,0,LOW,0
18:50:45,29.6,1001.5,-4,-1108,16584,12.8797,80.081,0,LOW,0
18:50:46,29.6,1001.5,-4,-1108,16584,12.8797,80.081,0,LOW,0
18:50:47,29.6,1001.5,-4,-1108,16584,12.8797,80.081,0,LOW,0
18:50:48,29.6,1001.5,-4,-1108,16584,12.8797,80.081,0,LOW,0
18:50:49,29.6,1001.5,36,-1096,16528,12.8797,80.081,0,LOW,0
18:50:50,29.6,1001.5,36,-1096,16528,12.8797,80.081,0,LOW,0
18:50:51,29.6,1001.5,36,-1096,16528,12.8797,80.081,0,LOW,0
18:50:52,29.6,1001.5,36,-1096,16528,12.8797,80.081,0,LOW,0
18:50:53,29.6,1001.5,36,-1096,16528,12.8797,80.081,0,LOW,0
18:50:54,29.7,1001.5,16,-1016,16556,12.8797,80.081,0,LOW,0
18:50:55,29.7,1001.5,16,-1016,16556,12.8797,80.081,0,LOW,0
18:50:56,29.7,1001.5,16,-1016,16556,12.8797,80.081,0,LOW,0
18:50:57,29.7,1001.5,16,-1016,16556,12.8797,80.081,0,LOW,0
18:50:59,29.7,1001.5,16,-1016,16556,12.8797,80.081,0,LOW,0
18:51:00,29.7,1001.6,48,-1088,16528,12.8797,80.081,0,LOW,0
18:51:01,29.7,1001.6,48,-1088,16528,12.8797,80.081,0,LOW,0
18:51:02,29.7,1001.6,48,-1088,16528,12.8797,80.081,0,LOW,0
18:51:03,29.7,1001.6,48,-1088,16528,12.8797,80.081,0,LOW,0
18:51:04,29.7,1001.6,48,-1088,16528,12.8797,80.081,0,LOW,0
18:51:05,29.7,1001.5,24,-1072,16588,12.8797,80.081,0,LOW,0
18:51:06,29.7,1001.5,24,-1072,16588,12.8797,80.081,0,LOW,0
18:51:07,29.7,1001.5,24,-1072,16588,12.8797,80.081,0,LOW,0
18:51:08,29.7,1001.5,24,-1072,16588,12.8797,80.081,0,LOW,0
18:51:09,29.7,1001.5,24,-1072,16588,12.8797,80.081,0,LOW,0
18:51:10,29.7,1001.5,-4,-1056,16568,12.8797,80.081,0,LOW,0
18:51:11,29.7,1001.5,-4,-1056,16568,12.8797,80.081,0,LOW,0
18:51:13,29.7,1001.5,-4,-1056,16568,12.8797,80.081,0,LOW,0
18:51:14,29.7,1001.5,-4,-1056,16568,12.8797,80.081,0,LOW,0
18:51:15,29.7,1001.5,-4,-1056,16568,12.8797,80.081,0,LOW,0
18:51:16,29.7,1001.5,-36,-1068,16524,12.8797,80.081,0,LOW,0
18:51:17,29.7,1001.5,-36,-1068,16524,12.8797,80.081,0,LOW,0
18:51:18,29.7,1001.5,-36,-1068,16524,12.8797,80.081,0,LOW,0
18:51:19,29.7,1001.5,-36,-1068,16524,12.8797,80.081,0,LOW,0
18:51:20,29.7,1001.5,-36,-1068,16524,12.8797,80.081,0,LOW,0
18:51:21,29.7,1001.5,-8,-1084,16600,12.8797,80.081,0,LOW,0
18:51:22,29.7,1001.5,-8,-1084,16600,12.8797,80.081,0,LOW,0
18:51:23,29.7,1001.5,-8,-1084,16600,12.8797,80.081,0,LOW,0
18:51:24,29.7,1001.5,-8,-1084,16600,12.8797,80.081,0,LOW,0
18:51:25,29.7,1001.5,-8,-1084,16600,12.8797,80.081,0,LOW,0
18:51:26,29.7,1001.6,-20,-1092,16484,12.8797,80.081,0,LOW,0
18:51:27,29.7,1001.6,-20,-1092,16484,12.8797,80.081,0,LOW,0
18:51:28,29.7,1001.6,-20,-1092,16484,12.8797,80.081,0,LOW,0
18:51:29,29.7,1001.6,-20,-1092,16484,12.8797,80.081,0,LOW,0
18:51:30,29.7,1001.6,-20,-1092,16484,12.8797,80.081,0,LOW,0
18:51:31,29.7,1001.5,-60,-1116,16600,12.8797,80.081,0,LOW,0
18:51:32,29.7,1001.5,-60,-1116,16600,12.8797,80.081,0,LOW,0
18:51:33,29.7,1001.5,-60,-1116,16600,12.8797,80.081,0,LOW,0
18:51:34,29.7,1001.5,-60,-1116,16600,12.8797,80.081,0,LOW,0
18:51:35,29.7,1001.5,-60,-1116,16600,12.8797,80.081,0,LOW,0
18:51:36,29.7,1001.5,-20,-1096,16460,12.8797,80.081,0,LOW,0
18:51:37,29.7,1001.5,-20,-1096,16460,12.8797,80.081,0,LOW,0
18:51:38,29.7,1001.5,-20,-1096,16460,12.8797,80.081,0,LOW,0
18:51:39,29.7,1001.5,-20,-1096,16460,12.8797,80.081,0,LOW,0
18:51:40,29.7,1001.5,-20,-1096,16460,12.8797,80.081,0,LOW,0
18:51:41,29.7,1001.5,60,-1080,16604,12.8797,80.081,0,LOW,0
18:51:42,29.7,1001.5,60,-1080,16604,12.8797,80.081,0,LOW,0
18:51:43,29.7,1001.5,60,-1080,16604,12.8797,80.081,0,LOW,0
18:51:44,29.7,1001.5,60,-1080,16604,12.8797,80.081,0,LOW,0
18:51:45,29.7,1001.5,60,-1080,16604,12.8797,80.081,0,LOW,0
18:51:46,29.7,1001.5,24,-1096,16544,12.8797,80.081,0,LOW,0
18:51:47,29.7,1001.5,24,-1096,16544,12.8797,80.081,0,LOW,0
18:51:48,29.7,1001.5,24,-1096,16544,12.8797,80.081,0,LOW,0
18:51:49,29.7,1001.5,24,-1096,16544,12.8797,80.081,0,LOW,0
18:51:50,29.7,1001.5,24,-1096,16544,12.8797,80.081,0,LOW,0
18:51:51,29.7,1001.6,-8,-1124,16612,12.8797,80.081,0,LOW,0
18:51:52,29.7,1001.6,-8,-1124,16612,12.8797,80.081,0,LOW,0
18:51:53,29.7,1001.6,-8,-1124,16612,12.8797,80.081,0,LOW,0
18:51:54,29.7,1001.6,-8,-1124,16612,12.8797,80.081,0,LOW,0
18:51:55,29.7,1001.6,-8,-1124,16612,12.8797,80.081,0,LOW,0
18:51:56,29.7,1001.6,-24,-1040,16588,12.8797,80.081,0,LOW,0
18:51:58,29.7,1001.6,-24,-1040,16588,12.8797,80.081,0,LOW,0
18:51:59,29.7,1001.6,-24,-1040,16588,12.8797,80.081,0,LOW,0
18:52:00,29.7,1001.6,-24,-1040,16588,12.8797,80.081,0,LOW,0
18:52:01,29.7,1001.6,-24,-1040,16588,12.8797,80.081,0,LOW,0
18:52:02,29.7,1001.6,52,-1080,16576,12.8797,80.081,0,LOW,0
18:52:03,29.7,1001.6,52,-1080,16576,12.8797,80.081,0,LOW,0
18:52:04,29.7,1001.6,52,-1080,16576,12.8797,80.081,0,LOW,0
18:52:05,29.7,1001.6,52,-1080,16576,12.8797,80.081,0,LOW,0
18:52:06,29.7,1001.6,52,-1080,16576,12.8797,80.081,0,LOW,0
18:52:07,29.7,1001.6,-20,-1088,16700,12.8797,80.081,0,LOW,0
18:52:08,29.7,1001.6,-20,-1088,16700,12.8797,80.081,0,LOW,0
18:52:09,29.7,1001.6,-20,-1088,16700,12.8797,80.081,0,LOW,0
18:52:10,29.7,1001.6,-20,-1088,16700,12.8797,80.081,0,LOW,0
18:52:11,29.7,1001.6,-20,-1088,16700,12.8797,80.081,0,LOW,0
18:52:12,29.8,1001.6,64,-1100,16628,12.8797,80.081,0,LOW,0
18:52:13,29.8,1001.6,64,-1100,16628,12.8797,80.081,0,LOW,0
18:52:14,29.8,1001.6,64,-1100,16628,12.8797,80.081,0,LOW,0
18:52:15,29.8,1001.6,64,-1100,16628,12.8797,80.081,0,LOW,0
18:52:16,29.8,1001.6,64,-1100,16628,12.8797,80.081,0,LOW,0
18:52:17,29.8,1001.6,24,-1048,16540,12.8797,80.081,0,LOW,0
18:52:18,29.8,1001.6,24,-1048,16540,12.8797,80.081,0,LOW,0
18:52:19,29.8,1001.6,24,-1048,16540,12.8797,80.081,0,LOW,0
18:52:20,29.8,1001.6,24,-1048,16540,12.8797,80.081,0,LOW,0
18:52:21,29.8,1001.6,24,-1048,16540,12.8797,80.081,0,LOW,0
18:52:22,29.8,1001.6,-12,-1048,16528,12.8797,80.081,0,LOW,0
18:52:23,29.8,1001.6,-12,-1048,16528,12.8797,80.081,0,LOW,0
18:52:24,29.8,1001.6,-12,-1048,16528,12.8797,80.081,0,LOW,0
18:52:25,29.8,1001.6,-12,-1048,16528,12.8797,80.081,0,LOW,0
18:52:26,29.8,1001.6,-12,-1048,16528,12.8797,80.081,0,LOW,0
18:52:27,29.8,1001.5,36,-1056,16552,12.8797,80.081,0,LOW,0
18:52:28,29.8,1001.5,36,-1056,16552,12.8797,80.081,0,LOW,0
18:52:29,29.8,1001.5,36,-1056,16552,12.8797,80.081,0,LOW,0
18:52:30,29.8,1001.5,36,-1056,16552,12.8797,80.081,0,LOW,0
18:52:31,29.8,1001.5,36,-1056,16552,12.8797,80.081,0,LOW,0
18:52:32,29.9,1001.6,-8,-1152,16560,12.8797,80.081,0,LOW,0
18:52:33,29.9,1001.6,-8,-1152,16560,12.8797,80.081,0,LOW,0
18:52:34,29.9,1001.6,-8,-1152,16560,12.8797,80.081,0,LOW,0
18:52:35,29.9,1001.6,-8,-1152,16560,12.8797,80.081,0,LOW,0
18:52:36,29.9,1001.6,-8,-1152,16560,12.8797,80.081,0,LOW,0
18:52:37,29.9,1001.6,24,-1032,16584,12.8797,80.081,0,LOW,0
18:52:38,29.9,1001.6,24,-1032,16584,12.8797,80.081,0,LOW,0
18:52:39,29.9,1001.6,24,-1032,16584,12.8797,80.081,0,LOW,0
18:52:40,29.9,1001.6,24,-1032,16584,12.8797,80.081,0,LOW,0
18:52:42,29.9,1001.6,24,-1032,16584,12.8797,80.081,0,LOW,0
18:52:43,29.9,1001.6,48,-964,16556,12.8797,80.081,0,LOW,0
18:52:44,29.9,1001.6,48,-964,16556,12.8797,80.081,0,LOW,0
18:52:45,29.9,1001.6,48,-964,16556,12.8797,80.081,0,LOW,0
18:52:46,29.9,1001.6,48,-964,16556,12.8797,80.081,0,LOW,0
18:52:47,29.9,1001.6,48,-964,16556,12.8797,80.081,0,LOW,0
18:52:48,29.9,1001.6,20,-1072,16616,12.8797,80.081,0,LOW,0
18:52:49,29.9,1001.6,20,-1072,16616,12.8797,80.081,0,LOW,0
18:52:50,29.9,1001.6,20,-1072,16616,12.8797,80.081,0,LOW,0
18:52:51,29.9,1001.6,20,-1072,16616,12.8797,80.081,0,LOW,0
18:52:52,29.9,1001.6,20,-1072,16616,12.8797,80.081,0,LOW,0
18:52:53,29.9,1001.6,52,-1084,16600,12.8797,80.081,0,LOW,0
18:52:54,29.9,1001.6,52,-1084,16600,12.8797,80.081,0,LOW,0
18:52:55,29.9,1001.6,52,-1084,16600,12.8797,80.081,0,LOW,0
18:52:56,29.9,1001.6,52,-1084,16600,12.8797,80.081,0,LOW,0
18:52:57,29.9,1001.6,52,-1084,16600,12.8797,80.081,0,LOW,0
18:52:58,29.9,1001.6,-24,-1100,16564,12.8797,80.081,0,LOW,0
18:52:59,29.9,1001.6,-24,-1100,16564,12.8797,80.081,0,LOW,0
18:53:00,29.9,1001.6,-24,-1100,16564,12.8797,80.081,0,LOW,0
18:53:01,29.9,1001.6,-24,-1100,16564,12.8797,80.081,0,LOW,0
18:53:02,29.9,1001.6,-24,-1100,16564,12.8797,80.081,0,LOW,0
18:53:03,29.9,1001.6,-12,-1068,16548,12.8797,80.081,0,LOW,0
18:53:04,29.9,1001.6,-12,-1068,16548,12.8797,80.081,0,LOW,0
18:53:05,29.9,1001.6,-12,-1068,16548,12.8797,80.081,0,LOW,0
18:53:06,29.9,1001.6,-12,-1068,16548,12.8797,80.081,0,LOW,0
18:53:07,29.9,1001.6,-12,-1068,16548,12.8797,80.081,0,LOW,0
18:53:08,29.9,1001.6,24,-1060,16580,12.8797,80.081,0,LOW,0
18:53:09,29.9,1001.6,24,-1060,16580,12.8797,80.081,0,LOW,0
18:53:10,29.9,1001.6,24,-1060,16580,12.8797,80.081,0,LOW,0
18:53:11,29.9,1001.6,24,-1060,16580,12.8797,80.081,0,LOW,0
18:53:12,29.9,1001.6,24,-1060,16580,12.8797,80.081,0,LOW,0
18:53:13,29.9,1001.6,-24,-1044,16524,12.8797,80.081,0,LOW,0
18:53:14,29.9,1001.6,-24,-1044,16524,12.8797,80.081,0,LOW,0
18:53:15,29.9,1001.6,-24,-1044,16524,12.8797,80.081,0,LOW,0
18:53:16,29.9,1001.6,-24,-1044,16524,12.8797,80.081,0,LOW,0
18:53:17,29.9,1001.6,-24,-1044,16524,12.8797,80.081,0,LOW,0
18:53:18,29.9,1001.6,-28,-1052,16496,12.8797,80.081,0,LOW,0
18:53:19,29.9,1001.6,-28,-1052,16496,12.8797,80.081,0,LOW,0
18:53:20,29.9,1001.6,-28,-1052,16496,12.8797,80.081,0,LOW,0
18:53:21,29.9,1001.6,-28,-1052,16496,12.8797,80.081,0,LOW,0
18:53:22,29.9,1001.6,-28,-1052,16496,12.8797,80.081,0,LOW,0
18:53:23,30.0,1001.6,0,-1068,16592,12.8797,80.081,0,LOW,0
18:53:24,30.0,1001.6,0,-1068,16592,12.8797,80.081,0,LOW,0
18:53:25,30.0,1001.6,0,-1068,16592,12.8797,80.081,0,LOW,0
18:53:26,30.0,1001.6,0,-1068,16592,12.8797,80.081,0,LOW,0
18:53:27,30.0,1001.6,0,-1068,16592,12.8797,80.081,0,LOW,0
18:53:28,30.0,1001.6,-12,-1120,16544,12.8797,80.081,0,LOW,0
18:53:29,30.0,1001.6,-12,-1120,16544,12.8797,80.081,0,LOW,0
18:53:30,30.0,1001.6,-12,-1120,16544,12.8797,80.081,0,LOW,0
18:53:31,30.0,1001.6,-12,-1120,16544,12.8797,80.081,0,LOW,0
18:53:32,30.0,1001.6,-12,-1120,16544,12.8797,80.081,0,LOW,0
18:53:34,30.0,1001.6,52,-1040,16524,12.8797,80.081,0,LOW,0
18:53:35,30.0,1001.6,52,-1040,16524,12.8797,80.081,0,LOW,0
18:53:36,30.0,1001.6,52,-1040,16524,12.8797,80.081,0,LOW,0
18:53:37,30.0,1001.6,52,-1040,16524,12.8797,80.081,0,LOW,0
18:53:38,30.0,1001.6,52,-1040,16524,12.8797,80.081,0,LOW,0
18:53:39,30.0,1001.6,-36,-1104,16676,12.8797,80.081,0,LOW,0
18:53:40,30.0,1001.6,-36,-1104,16676,12.8797,80.081,0,LOW,0
18:53:41,30.0,1001.6,-36,-1104,16676,12.8797,80.081,0,LOW,0
18:53:42,30.0,1001.6,-36,-1104,16676,12.8797,80.081,0,LOW,0
18:53:43,30.0,1001.6,-36,-1104,16676,12.8797,80.081,0,LOW,0
18:53:44,30.0,1001.6,-56,-1044,16556,12.8797,80.081,0,LOW,0
18:53:45,30.0,1001.6,-56,-1044,16556,12.8797,80.081,0,LOW,0
18:53:46,30.0,1001.6,-56,-1044,16556,12.8797,80.081,0,LOW,0
18:53:47,30.0,1001.6,-56,-1044,16556,12.8797,80.081,0,LOW,0
18:53:48,30.0,1001.6,-56,-1044,16556,12.8797,80.081,0,LOW,0
18:53:49,30.0,1001.6,-56,-1056,16496,12.8797,80.081,0,LOW,0
18:53:50,30.0,1001.6,-56,-1056,16496,12.8797,80.081,0,LOW,0
18:53:51,30.0,1001.6,-56,-1056,16496,12.8797,80.081,0,LOW,0
18:53:52,30.0,1001.6,-56,-1056,16496,12.8797,80.081,0,LOW,0
18:53:53,30.0,1001.6,-56,-1056,16496,12.8797,80.081,0,LOW,0
18:53:54,30.0,1001.6,4,-1056,16524,12.8797,80.081,0,LOW,0
18:53:55,30.0,1001.6,4,-1056,16524,12.8797,80.081,0,LOW,0
18:53:56,30.0,1001.6,4,-1056,16524,12.8797,80.081,0,LOW,0
18:53:57,30.0,1001.6,4,-1056,16524,12.8797,80.081,0,LOW,0
18:53:58,30.0,1001.6,4,-1056,16524,12.8797,80.081,0,LOW,0
18:53:59,30.0,1001.6,24,-1088,16540,12.8797,80.081,0,LOW,0
18:54:00,30.0,1001.6,24,-1088,16540,12.8797,80.081,0,LOW,0
18:54:01,30.0,1001.6,24,-1088,16540,12.8797,80.081,0,LOW,0
18:54:02,30.0,1001.6,24,-1088,16540,12.8797,80.081,0,LOW,0
18:54:03,30.0,1001.6,24,-1088,16540,12.8797,80.081,0,LOW,0
18:54:04,30.0,1001.6,-20,-1052,16656,12.8797,80.081,0,LOW,0
18:54:05,30.0,1001.6,-20,-1052,16656,12.8797,80.081,0,LOW,0
18:54:06,30.0,1001.6,-20,-1052,16656,12.8797,80.081,0,LOW,0
18:54:07,30.0,1001.6,-20,-1052,16656,12.8797,80.081,0,LOW,0
18:54:08,30.0,1001.6,-20,-1052,16656,12.8797,80.081,0,LOW,0
18:54:09,30.0,1001.6,40,-1100,16648,12.8797,80.081,0,LOW,0
18:54:10,30.0,1001.6,40,-1100,16648,12.8797,80.081,0,LOW,0
18:54:11,30.0,1001.6,40,-1100,16648,12.8797,80.081,0,LOW,0
18:54:12,30.0,1001.6,40,-1100,16648,12.8797,80.081,0,LOW,0
18:54:13,30.0,1001.6,40,-1100,16648,12.8797,80.081,0,LOW,0
18:54:14,30.0,1001.6,92,-1152,16548,12.8797,80.081,0,LOW,0
18:54:15,30.0,1001.6,92,-1152,16548,12.8797,80.081,0,LOW,0
18:54:16,30.0,1001.6,92,-1152,16548,12.8797,80.081,0,LOW,0
18:54:17,30.0,1001.6,92,-1152,16548,12.8797,80.081,0,LOW,0
18:54:18,30.0,1001.6,92,-1152,16548,12.8797,80.081,0,LOW,0
18:54:19,30.1,1001.6,-4,-1108,16712,12.8797,80.081,0,LOW,0
18:54:20,30.1,1001.6,-4,-1108,16712,12.8797,80.081,0,LOW,0
18:54:21,30.1,1001.6,-4,-1108,16712,12.8797,80.081,0,LOW,0
18:54:22,30.1,1001.6,-4,-1108,16712,12.8797,80.081,0,LOW,0
18:54:23,30.1,1001.6,-4,-1108,16712,12.8797,80.081,0,LOW,0
18:54:24,30.1,1001.6,-24,-1060,16632,12.8797,80.081,0,LOW,0
18:54:25,30.1,1001.6,-24,-1060,16632,12.8797,80.081,0,LOW,0
18:54:26,30.1,1001.6,-24,-1060,16632,12.8797,80.081,0,LOW,0
18:54:27,30.1,1001.6,-24,-1060,16632,12.8797,80.081,0,LOW,0
18:54:28,30.1,1001.6,-24,-1060,16632,12.8797,80.081,0,LOW,0
18:54:29,30.1,1001.6,-64,-1064,16644,12.8797,80.081,0,LOW,0
18:54:30,30.1,1001.6,-64,-1064,16644,12.8797,80.081,0,LOW,0
18:54:32,30.1,1001.6,-64,-1064,16644,12.8797,80.081,0,LOW,0
18:54:33,30.1,1001.6,-64,-1064,16644,12.8797,80.081,0,LOW,0
18:54:34,30.1,1001.6,-64,-1064,16644,12.8797,80.081,0,LOW,0
18:54:35,30.1,1001.6,12,-1128,16536,12.8797,80.081,0,LOW,0
18:54:36,30.1,1001.6,12,-1128,16536,12.8797,80.081,0,LOW,0
18:54:37,30.1,1001.6,12,-1128,16536,12.8797,80.081,0,LOW,0
18:54:38,30.1,1001.6,12,-1128,16536,12.8797,80.081,0,LOW,0
18:54:39,30.1,1001.6,12,-1128,16536,12.8797,80.081,0,LOW,0
18:54:40,30.1,1001.6,0,-1016,16612,12.8797,80.081,0,LOW,0
18:54:41,30.1,1001.6,0,-1016,16612,12.8797,80.081,0,LOW,0
18:54:42,30.1,1001.6,0,-1016,16612,12.8797,80.081,0,LOW,0
18:54:43,30.1,1001.6,0,-1016,16612,12.8797,80.081,0,LOW,0
18:54:44,30.1,1001.6,0,-1016,16612,12.8797,80.081,0,LOW,0
18:54:45,30.1,1001.6,20,-1160,16704,12.8797,80.081,0,LOW,0
18:54:46,30.1,1001.6,20,-1160,16704,12.8797,80.081,0,LOW,0
18:54:47,30.1,1001.6,20,-1160,16704,12.8797,80.081,0,LOW,0
18:54:48,30.1,1001.6,20,-1160,16704,12.8797,80.081,0,LOW,0
18:54:49,30.1,1001.6,20,-1160,16704,12.8797,80.081,0,LOW,0
18:54:50,30.1,1001.6,20,-1080,16464,12.8797,80.081,0,LOW,0
18:54:51,30.1,1001.6,20,-1080,16464,12.8797,80.081,0,LOW,0
18:54:52,30.1,1001.6,20,-1080,16464,12.8797,80.081,0,LOW,0
18:54:53,30.1,1001.6,20,-1080,16464,12.8797,80.081,0,LOW,0
18:54:54,30.1,1001.6,20,-1080,16464,12.8797,80.081,0,LOW,0
18:54:55,30.1,1001.6,-60,-1088,16492,12.8797,80.081,0,LOW,0
18:54:56,30.1,1001.6,-60,-1088,16492,12.8797,80.081,0,LOW,0
18:54:57,30.1,1001.6,-60,-1088,16492,12.8797,80.081,0,LOW,0
18:54:58,30.1,1001.6,-60,-1088,16492,12.8797,80.081,0,LOW,0
18:54:59,30.1,1001.6,-60,-1088,16492,12.8797,80.081,0,LOW,0
18:55:00,30.1,1001.6,-12,-1112,16564,12.8797,80.081,0,LOW,0
18:55:01,30.1,1001.6,-12,-1112,16564,12.8797,80.081,0,LOW,0
18:55:02,30.1,1001.6,-12,-1112,16564,12.8797,80.081,0,LOW,0
18:55:03,30.1,1001.6,-12,-1112,16564,12.8797,80.081,0,LOW,0
18:55:04,30.1,1001.6,-12,-1112,16564,12.8797,80.081,0,LOW,0
18:55:05,30.1,1001.6,0,-1076,16572,12.8797,80.081,0,LOW,0
18:55:06,30.1,1001.6,0,-1076,16572,12.8797,80.081,0,LOW,0
18:55:07,30.1,1001.6,0,-1076,16572,12.8797,80.081,0,LOW,0
18:55:08,30.1,1001.6,0,-1076,16572,12.8797,80.081,0,LOW,0
18:55:09,30.1,1001.6,0,-1076,16572,12.8797,80.081,0,LOW,0
18:55:10,30.1,1001.6,8,-1036,16604,12.8797,80.081,0,LOW,0
18:55:11,30.1,1001.6,8,-1036,16604,12.8797,80.081,0,LOW,0
18:55:12,30.1,1001.6,8,-1036,16604,12.8797,80.081,0,LOW,0
18:55:13,30.1,1001.6,8,-1036,16604,12.8797,80.081,0,LOW,0
18:55:14,30.1,1001.6,8,-1036,16604,12.8797,80.081,0,LOW,0
18:55:15,30.2,1001.6,44,-1076,16616,12.8797,80.081,0,LOW,0
18:55:16,30.2,1001.6,44,-1076,16616,12.8797,80.081,0,LOW,0
18:55:17,30.2,1001.6,44,-1076,16616,12.8797,80.081,0,LOW,0
18:55:18,30.2,1001.6,44,-1076,16616,12.8797,80.081,0,LOW,0
18:55:19,30.2,1001.6,44,-1076,16616,12.8797,80.081,0,LOW,0
18:55:20,30.2,1001.6,-60,-1064,16496,12.8797,80.081,0,LOW,0
18:55:21,30.2,1001.6,-60,-1064,16496,12.8797,80.081,0,LOW,0
18:55:22,30.2,1001.6,-60,-1064,16496,12.8797,80.081,0,LOW,0
18:55:23,30.2,1001.6,-60,-1064,16496,12.8797,80.081,0,LOW,0
18:55:24,30.2,1001.6,-60,-1064,16496,12.8797,80.081,0,LOW,0
18:55:25,30.2,1001.6,-40,-1052,16616,12.8797,80.081,0,LOW,0
18:55:26,30.2,1001.6,-40,-1052,16616,12.8797,80.081,0,LOW,0
18:55:27,30.2,1001.6,-40,-1052,16616,12.8797,80.081,0,LOW,0
18:55:28,30.2,1001.6,-40,-1052,16616,12.8797,80.081,0,LOW,0
18:55:29,30.2,1001.6,-40,-1052,16616,12.8797,80.081,0,LOW,0
18:55:30,30.2,1001.6,-12,-1088,16596,12.8797,80.081,0,LOW,0
18:55:31,30.2,1001.6,-12,-1088,16596,12.8797,80.081,0,LOW,0
18:55:32,30.2,1001.6,-12,-1088,16596,12.8797,80.081,0,LOW,0
18:55:33,30.2,1001.6,-12,-1088,16596,12.8797,80.081,0,LOW,0
18:55:34,30.2,1001.6,-12,-1088,16596,12.8797,80.081,0,LOW,0
18:55:35,30.2,1001.6,-4,-1072,16568,12.8797,80.081,0,LOW,0
18:55:36,30.2,1001.6,-4,-1072,16568,12.8797,80.081,0,LOW,0
18:55:37,30.2,1001.6,-4,-1072,16568,12.8797,80.081,0,LOW,0
18:55:38,30.2,1001.6,-4,-1072,16568,12.8797,80.081,0,LOW,0
18:55:39,30.2,1001.6,-4,-1072,16568,12.8797,80.081,0,LOW,0
18:55:40,30.2,1001.6,-52,-1020,16564,12.8797,80.081,0,LOW,0
18:55:41,30.2,1001.6,-52,-1020,16564,12.8797,80.081,0,LOW,0
18:55:42,30.2,1001.6,-52,-1020,16564,12.8797,80.081,0,LOW,0
18:55:43,30.2,1001.6,-52,-1020,16564,12.8797,80.081,0,LOW,0
18:55:44,30.2,1001.6,-52,-1020,16564,12.8797,80.081,0,LOW,0
18:55:45,30.2,1001.7,-60,-1032,16584,12.8797,80.081,0,LOW,0
18:55:47,30.2,1001.7,-60,-1032,16584,12.8797,80.081,0,LOW,0
18:55:48,30.2,1001.7,-60,-1032,16584,12.8797,80.081,0,LOW,0
18:55:49,30.2,1001.7,-60,-1032,16584,12.8797,80.081,0,LOW,0
18:55:50,30.2,1001.7,-60,-1032,16584,12.8797,80.081,0,LOW,0
18:55:51,30.2,1001.7,-4,-1088,16596,12.8797,80.081,0,LOW,0
18:55:52,30.2,1001.7,-4,-1088,16596,12.8797,80.081,0,LOW,0
18:55:53,30.2,1001.7,-4,-1088,16596,12.8797,80.081,0,LOW,0
18:55:54,30.2,1001.7,-4,-1088,16596,12.8797,80.081,0,LOW,0
18:55:55,30.2,1001.7,-4,-1088,16596,12.8797,80.081,0,LOW,0
18:55:56,30.2,1001.6,28,-1120,16544,12.8797,80.081,0,LOW,0
18:55:57,30.2,1001.6,28,-1120,16544,12.8797,80.081,0,LOW,0
18:55:58,30.2,1001.6,28,-1120,16544,12.8797,80.081,0,LOW,0
18:55:59,30.2,1001.6,28,-1120,16544,12.8797,80.081,0,LOW,0
18:56:00,30.2,1001.6,28,-1120,16544,12.8797,80.081,0,LOW,0
18:56:01,30.2,1001.6,-12,-1088,16600,12.8797,80.081,0,LOW,0
18:56:02,30.2,1001.6,-12,-1088,16600,12.8797,80.081,0,LOW,0
18:56:03,30.2,1001.6,-12,-1088,16600,12.8797,80.081,0,LOW,0
18:56:04,30.2,1001.6,-12,-1088,16600,12.8797,80.081,0,LOW,0
18:56:05,30.2,1001.6,-12,-1088,16600,12.8797,80.081,0,LOW,0
18:56:06,30.2,1001.6,-84,-1124,16536,12.8797,80.081,0,LOW,0
18:56:07,30.2,1001.6,-84,-1124,16536,12.8797,80.081,0,LOW,0
18:56:08,30.2,1001.6,-84,-1124,16536,12.8797,80.081,0,LOW,0
18:56:09,30.2,1001.6,-84,-1124,16536,12.8797,80.081,0,LOW,0
18:56:10,30.2,1001.6,-84,-1124,16536,12.8797,80.081,0,LOW,0
18:56:11,30.2,1001.6,-12,-1068,16640,12.8797,80.081,0,LOW,0
18:56:12,30.2,1001.6,-12,-1068,16640,12.8797,80.081,0,LOW,0
18:56:13,30.2,1001.6,-12,-1068,16640,12.8797,80.081,0,LOW,0
18:56:14,30.2,1001.6,-12,-1068,16640,12.8797,80.081,0,LOW,0
18:56:15,30.2,1001.6,-12,-1068,16640,12.8797,80.081,0,LOW,0
18:56:16,30.2,1001.6,16,-1036,16480,12.8797,80.081,0,LOW,0
18:56:17,30.2,1001.6,16,-1036,16480,12.8797,80.081,0,LOW,0
18:56:18,30.2,1001.6,16,-1036,16480,12.8797,80.081,0,LOW,0
18:56:19,30.2,1001.6,16,-1036,16480,12.8797,80.081,0,LOW,0
18:56:20,30.2,1001.6,16,-1036,16480,12.8797,80.081,0,LOW,0
18:56:21,30.2,1001.6,-32,-1100,16632,12.8797,80.081,0,LOW,0
18:56:22,30.2,1001.6,-32,-1100,16632,12.8797,80.081,0,LOW,0
18:56:23,30.2,1001.6,-32,-1100,16632,12.8797,80.081,0,LOW,0
18:56:24,30.2,1001.6,-32,-1100,16632,12.8797,80.081,0,LOW,0
18:56:25,30.2,1001.6,-32,-1100,16632,12.8797,80.081,0,LOW,0
18:56:26,30.2,1001.6,-48,-1044,16668,12.8797,80.081,0,LOW,0
18:56:27,30.2,1001.6,-48,-1044,16668,12.8797,80.081,0,LOW,0
18:56:28,30.2,1001.6,-48,-1044,16668,12.8797,80.081,0,LOW,0
18:56:29,30.2,1001.6,-48,-1044,16668,12.8797,80.081,0,LOW,0
18:56:30,30.2,1001.6,-48,-1044,16668,12.8797,80.081,0,LOW,0
18:56:31,30.3,1001.7,-52,-1088,16632,12.8797,80.081,0,LOW,0
18:56:32,30.3,1001.7,-52,-1088,16632,12.8797,80.081,0,LOW,0
18:56:33,30.3,1001.7,-52,-1088,16632,12.8797,80.081,0,LOW,0
18:56:34,30.3,1001.7,-52,-1088,16632,12.8797,80.081,0,LOW,0
18:56:35,30.3,1001.7,-52,-1088,16632,12.8797,80.081,0,LOW,0
18:56:36,30.3,1001.7,32,-1068,16672,12.8797,80.081,0,LOW,0
18:56:37,30.3,1001.7,32,-1068,16672,12.8797,80.081,0,LOW,0
18:56:38,30.3,1001.7,32,-1068,16672,12.8797,80.081,0,LOW,0
18:56:39,30.3,1001.7,32,-1068,16672,12.8797,80.081,0,LOW,0
18:56:40,30.3,1001.7,32,-1068,16672,12.8797,80.081,0,LOW,0
18:56:41,30.3,1001.7,52,-1096,16524,12.8797,80.081,0,LOW,0
18:56:42,30.3,1001.7,52,-1096,16524,12.8797,80.081,0,LOW,0
18:56:43,30.3,1001.7,52,-1096,16524,12.8797,80.081,0,LOW,0
18:56:44,30.3,1001.7,52,-1096,16524,12.8797,80.081,0,LOW,0
18:56:45,30.3,1001.7,52,-1096,16524,12.8797,80.081,0,LOW,0
18:56:46,30.3,1001.7,20,-1056,16544,12.8797,80.081,0,LOW,0
18:56:47,30.3,1001.7,20,-1056,16544,12.8797,80.081,0,LOW,0
18:56:48,30.3,1001.7,20,-1056,16544,12.8797,80.081,0,LOW,0
18:56:49,30.3,1001.7,20,-1056,16544,12.8797,80.081,0,LOW,0
18:56:51,30.3,1001.7,20,-1056,16544,12.8797,80.081,0,LOW,0
18:56:52,30.3,1001.6,-32,-1060,16516,12.8797,80.081,0,LOW,0
18:56:53,30.3,1001.6,-32,-1060,16516,12.8797,80.081,0,LOW,0
18:56:54,30.3,1001.6,-32,-1060,16516,12.8797,80.081,0,LOW,0
18:56:55,30.3,1001.6,-32,-1060,16516,12.8797,80.081,0,LOW,0
18:56:56,30.3,1001.6,-32,-1060,16516,12.8797,80.081,0,LOW,0
18:56:57,30.3,1001.6,-40,-1120,16688,12.8797,80.081,0,LOW,0
18:56:58,30.3,1001.6,-40,-1120,16688,12.8797,80.081,0,LOW,0
18:56:59,30.3,1001.6,-40,-1120,16688,12.8797,80.081,0,LOW,0
18:57:00,30.3,1001.6,-40,-1120,16688,12.8797,80.081,0,LOW,0
18:57:01,30.3,1001.6,-40,-1120,16688,12.8797,80.081,0,LOW,0
18:57:02,30.3,1001.7,-24,-1136,16688,12.8797,80.081,0,LOW,0
18:57:03,30.3,1001.7,-24,-1136,16688,12.8797,80.081,0,LOW,0
18:57:04,30.3,1001.7,-24,-1136,16688,12.8797,80.081,0,LOW,0
18:57:05,30.3,1001.7,-24,-1136,16688,12.8797,80.081,0,LOW,0
18:57:06,30.3,1001.7,-24,-1136,16688,12.8797,80.081,0,LOW,0
18:57:07,30.3,1001.6,-32,-1100,16568,12.8797,80.081,0,LOW,0
18:57:08,30.3,1001.6,-32,-1100,16568,12.8797,80.081,0,LOW,0
18:57:09,30.3,1001.6,-32,-1100,16568,12.8797,80.081,0,LOW,0
18:57:10,30.3,1001.6,-32,-1100,16568,12.8797,80.081,0,LOW,0
18:57:11,30.3,1001.6,-32,-1100,16568,12.8797,80.081,0,LOW,0
18:57:12,30.4,1001.6,44,-1068,16484,12.8797,80.081,0,LOW,0
18:57:13,30.4,1001.6,44,-1068,16484,12.8797,80.081,0,LOW,0
18:57:14,30.4,1001.6,44,-1068,16484,12.8797,80.081,0,LOW,0
18:57:15,30.4,1001.6,44,-1068,16484,12.8797,80.081,0,LOW,0
18:57:16,30.4,1001.6,44,-1068,16484,12.8797,80.081,0,LOW,0
18:57:17,30.4,1001.6,-32,-1064,16596,12.8797,80.081,0,LOW,0
18:57:18,30.4,1001.6,-32,-1064,16596,12.8797,80.081,0,LOW,0
18:57:19,30.4,1001.6,-32,-1064,16596,12.8797,80.081,0,LOW,0
18:57:20,30.4,1001.6,-32,-1064,16596,12.8797,80.081,0,LOW,0
18:57:21,30.4,1001.6,-32,-1064,16596,12.8797,80.081,0,LOW,0
18:57:22,30.4,1001.7,-60,-1100,16588,12.8797,80.081,0,LOW,0
18:57:23,30.4,1001.7,-60,-1100,16588,12.8797,80.081,0,LOW,0
18:57:24,30.4,1001.7,-60,-1100,16588,12.8797,80.081,0,LOW,0
18:57:25,30.4,1001.7,-60,-1100,16588,12.8797,80.081,0,LOW,0
18:57:26,30.4,1001.7,-60,-1100,16588,12.8797,80.081,0,LOW,0
18:57:27,30.4,1001.7,36,-1048,16564,12.8797,80.081,0,LOW,0
18:57:28,30.4,1001.7,36,-1048,16564,12.8797,80.081,0,LOW,0
18:57:29,30.4,1001.7,36,-1048,16564,12.8797,80.081,0,LOW,0
18:57:30,30.4,1001.7,36,-1048,16564,12.8797,80.081,0,LOW,0
18:57:31,30.4,1001.7,36,-1048,16564,12.8797,80.081,0,LOW,0
18:57:32,30.4,1001.7,4,-1076,16560,12.8797,80.081,0,LOW,0
18:57:33,30.4,1001.7,4,-1076,16560,12.8797,80.081,0,LOW,0
18:57:34,30.4,1001.7,4,-1076,16560,12.8797,80.081,0,LOW,0
18:57:35,30.4,1001.7,4,-1076,16560,12.8797,80.081,0,LOW,0
18:57:36,30.4,1001.7,4,-1076,16560,12.8797,80.081,0,LOW,0
18:57:37,30.4,1001.7,-12,-1048,16536,12.8797,80.081,0,LOW,0
18:57:38,30.4,1001.7,-12,-1048,16536,12.8797,80.081,0,LOW,0
18:57:39,30.4,1001.7,-12,-1048,16536,12.8797,80.081,0,LOW,0
18:57:40,30.4,1001.7,-12,-1048,16536,12.8797,80.081,0,LOW,0
18:57:41,30.4,1001.7,-12,-1048,16536,12.8797,80.081,0,LOW,0
18:57:42,30.4,1001.7,12,-1080,16576,12.8797,80.081,0,LOW,0
18:57:43,30.4,1001.7,12,-1080,16576,12.8797,80.081,0,LOW,0
18:57:44,30.4,1001.7,12,-1080,16576,12.8797,80.081,0,LOW,0
18:57:45,30.4,1001.7,12,-1080,16576,12.8797,80.081,0,LOW,0
18:57:46,30.4,1001.7,12,-1080,16576,12.8797,80.081,0,LOW,0
18:57:47,30.5,1001.6,84,-1112,16608,12.8797,80.081,0,LOW,0
18:57:48,30.5,1001.6,84,-1112,16608,12.8797,80.081,0,LOW,0
18:57:49,30.5,1001.6,84,-1112,16608,12.8797,80.081,0,LOW,0
18:57:50,30.5,1001.6,84,-1112,16608,12.8797,80.081,0,LOW,0
18:57:51,30.5,1001.6,84,-1112,16608,12.8797,80.081,0,LOW,0
18:57:52,30.5,1001.7,-36,-1080,16588,12.8797,80.081,0,LOW,0
18:57:53,30.5,1001.7,-36,-1080,16588,12.8797,80.081,0,LOW,0
18:57:54,30.5,1001.7,-36,-1080,16588,12.8797,80.081,0,LOW,0
18:57:55,30.5,1001.7,-36,-1080,16588,12.8797,80.081,0,LOW,0
18:57:56,30.5,1001.7,-36,-1080,16588,12.8797,80.081,0,LOW,0
18:57:57,30.5,1001.7,24,-1104,16504,12.8797,80.081,0,LOW,0
18:57:58,30.5,1001.7,24,-1104,16504,12.8797,80.081,0,LOW,0
18:57:59,30.5,1001.7,24,-1104,16504,12.8797,80.081,0,LOW,0
18:58:00,30.5,1001.7,24,-1104,16504,12.8797,80.081,0,LOW,0
18:58:01,30.5,1001.7,24,-1104,16504,12.8797,80.081,0,LOW,0
18:58:02,30.5,1001.7,28,-1064,16560,12.8797,80.081,0,LOW,0
18:58:03,30.5,1001.7,28,-1064,16560,12.8797,80.081,0,LOW,0
18:58:04,30.5,1001.7,28,-1064,16560,12.8797,80.081,0,LOW,0
18:58:05,30.5,1001.7,28,-1064,16560,12.8797,80.081,0,LOW,0
18:58:06,30.5,1001.7,28,-1064,16560,12.8797,80.081,0,LOW,0
18:58:07,30.5,1001.7,-24,-1044,16564,12.8797,80.081,0,LOW,0
18:58:08,30.5,1001.7,-24,-1044,16564,12.8797,80.081,0,LOW,0
18:58:09,30.5,1001.7,-24,-1044,16564,12.8797,80.081,0,LOW,0
18:58:10,30.5,1001.7,-24,-1044,16564,12.8797,80.081,0,LOW,0
18:58:11,30.5,1001.7,-24,-1044,16564,12.8797,80.081,0,LOW,0
18:58:12,30.5,1001.7,56,-1152,16576,12.8797,80.081,0,LOW,0
18:58:13,30.5,1001.7,56,-1152,16576,12.8797,80.081,0,LOW,0
18:58:14,30.5,1001.7,56,-1152,16576,12.8797,80.081,0,LOW,0
18:58:16,30.5,1001.7,56,-1152,16576,12.8797,80.081,0,LOW,0
18:58:17,30.5,1001.7,56,-1152,16576,12.8797,80.081,0,LOW,0
18:58:18,30.5,1001.7,-8,-1048,16580,12.8797,80.081,0,LOW,0
18:58:19,30.5,1001.7,-8,-1048,16580,12.8797,80.081,0,LOW,0
18:58:20,30.5,1001.7,-8,-1048,16580,12.8797,80.081,0,LOW,0
18:58:21,30.5,1001.7,-8,-1048,16580,12.8797,80.081,0,LOW,0
18:58:22,30.5,1001.7,-8,-1048,16580,12.8797,80.081,0,LOW,0
18:58:23,30.5,1001.7,-12,-1116,16636,12.8797,80.081,0,LOW,0
18:58:24,30.5,1001.7,-12,-1116,16636,12.8797,80.081,0,LOW,0
18:58:25,30.5,1001.7,-12,-1116,16636,12.8797,80.081,0,LOW,0
18:58:26,30.5,1001.7,-12,-1116,16636,12.8797,80.081,0,LOW,0
18:58:27,30.5,1001.7,-12,-1116,16636,12.8797,80.081,0,LOW,0
18:58:28,30.5,1001.7,-32,-1080,16560,12.8797,80.081,0,LOW,0
18:58:29,30.5,1001.7,-32,-1080,16560,12.8797,80.081,0,LOW,0
18:58:30,30.5,1001.7,-32,-1080,16560,12.8797,80.081,0,LOW,0
18:58:31,30.5,1001.7,-32,-1080,16560,12.8797,80.081,0,LOW,0
18:58:32,30.5,1001.7,-32,-1080,16560,12.8797,80.081,0,LOW,0
18:58:33,30.5,1001.7,12,-1060,16608,12.8797,80.081,0,LOW,0
18:58:34,30.5,1001.7,12,-1060,16608,12.8797,80.081,0,LOW,0
18:58:35,30.5,1001.7,12,-1060,16608,12.8797,80.081,0,LOW,0
18:58:36,30.5,1001.7,12,-1060,16608,12.8797,80.081,0,LOW,0
18:58:37,30.5,1001.7,12,-1060,16608,12.8797,80.081,0,LOW,0
18:58:38,30.5,1001.7,-80,-1048,16636,12.8797,80.081,0,LOW,0
18:58:39,30.5,1001.7,-80,-1048,16636,12.8797,80.081,0,LOW,0
18:58:40,30.5,1001.7,-80,-1048,16636,12.8797,80.081,0,LOW,0
18:58:41,30.5,1001.7,-80,-1048,16636,12.8797,80.081,0,LOW,0
18:58:42,30.5,1001.7,-80,-1048,16636,12.8797,80.081,0,LOW,0
18:58:43,30.5,1001.7,-52,-1052,16560,12.8797,80.081,0,LOW,0
18:58:44,30.5,1001.7,-52,-1052,16560,12.8797,80.081,0,LOW,0
18:58:45,30.5,1001.7,-52,-1052,16560,12.8797,80.081,0,LOW,0
18:58:46,30.5,1001.7,-52,-1052,16560,12.8797,80.081,0,LOW,0
18:58:47,30.5,1001.7,-52,-1052,16560,12.8797,80.081,0,LOW,0
18:58:48,30.5,1001.7,-36,-1096,16644,12.8797,80.081,0,LOW,0
18:58:49,30.5,1001.7,-36,-1096,16644,12.8797,80.081,0,LOW,0
18:58:50,30.5,1001.7,-36,-1096,16644,12.8797,80.081,0,LOW,0
18:58:51,30.5,1001.7,-36,-1096,16644,12.8797,80.081,0,LOW,0
18:58:52,30.5,1001.7,-36,-1096,16644,12.8797,80.081,0,LOW,0
18:58:53,30.5,1001.7,0,-1080,16636,12.8797,80.081,0,LOW,0
18:58:54,30.5,1001.7,0,-1080,16636,12.8797,80.081,0,LOW,0
18:58:55,30.5,1001.7,0,-1080,16636,12.8797,80.081,0,LOW,0
18:58:56,30.5,1001.7,0,-1080,16636,12.8797,80.081,0,LOW,0
18:58:57,30.5,1001.7,0,-1080,16636,12.8797,80.081,0,LOW,0
18:58:58,30.5,1001.7,-8,-1060,16552,12.8797,80.081,0,LOW,0
18:58:59,30.5,1001.7,-8,-1060,16552,12.8797,80.081,0,LOW,0
18:59:00,30.5,1001.7,-8,-1060,16552,12.8797,80.081,0,LOW,0
18:59:01,30.5,1001.7,-8,-1060,16552,12.8797,80.081,0,LOW,0
18:59:02,30.5,1001.7,-8,-1060,16552,12.8797,80.081,0,LOW,0
18:59:03,30.5,1001.7,-36,-1096,16564,12.8797,80.081,0,LOW,0
18:59:04,30.5,1001.7,-36,-1096,16564,12.8797,80.081,0,LOW,0
18:59:05,30.5,1001.7,-36,-1096,16564,12.8797,80.081,0,LOW,0
18:59:06,30.5,1001.7,-36,-1096,16564,12.8797,80.081,0,LOW,0
18:59:07,30.5,1001.7,-36,-1096,16564,12.8797,80.081,0,LOW,0
18:59:08,30.6,1001.7,-40,-1052,16592,12.8797,80.081,0,LOW,0
18:59:09,30.6,1001.7,-40,-1052,16592,12.8797,80.081,0,LOW,0
18:59:10,30.6,1001.7,-40,-1052,16592,12.8797,80.081,0,LOW,0
18:59:11,30.6,1001.7,-40,-1052,16592,12.8797,80.081,0,LOW,0
18:59:12,30.6,1001.7,-40,-1052,16592,12.8797,80.081,0,LOW,0
18:59:13,30.6,1001.7,-40,-1052,16592,12.8797,80.081,0,LOW,0
18:59:14,30.6,1001.7,-40,-1052,16592,12.8797,80.081,0,LOW,0
18:59:15,30.6,1001.7,-40,-1052,16592,12.8797,80.081,0,LOW,0
18:59:16,30.6,1001.7,-40,-1052,16592,12.8797,80.081,0,LOW,0
18:59:17,30.6,1001.7,-40,-1052,16592,12.8797,80.081,0,LOW,0
18:59:18,30.6,1001.7,4,-1044,16632,12.8797,80.081,0,LOW,0
18:59:19,30.6,1001.7,4,-1044,16632,12.8797,80.081,0,LOW,0
18:59:20,30.6,1001.7,4,-1044,16632,12.8797,80.081,0,LOW,0
18:59:21,30.6,1001.7,4,-1044,16632,12.8797,80.081,0,LOW,0
18:59:22,30.6,1001.7,4,-1044,16632,12.8797,80.081,0,LOW,0
18:59:23,30.6,1001.7,-72,-1064,16588,12.8797,80.081,0,LOW,0
18:59:24,30.6,1001.7,-72,-1064,16588,12.8797,80.081,0,LOW,0
18:59:25,30.6,1001.7,-72,-1064,16588,12.8797,80.081,0,LOW,0
18:59:26,30.6,1001.7,-72,-1064,16588,12.8797,80.081,0,LOW,0
18:59:27,30.6,1001.7,-72,-1064,16588,12.8797,80.081,0,LOW,0
18:59:28,30.6,1001.7,-60,-1080,16528,12.8797,80.081,0,LOW,0
18:59:29,30.6,1001.7,-60,-1080,16528,12.8797,80.081,0,LOW,0
18:59:30,30.6,1001.7,-60,-1080,16528,12.8797,80.081,0,LOW,0
18:59:31,30.6,1001.7,-60,-1080,16528,12.8797,80.081,0,LOW,0
18:59:32,30.6,1001.7,-60,-1080,16528,12.8797,80.081,0,LOW,0
18:59:33,30.6,1001.7,-96,-1056,16596,12.8797,80.081,0,LOW,0
18:59:34,30.6,1001.7,-96,-1056,16596,12.8797,80.081,0,LOW,0
18:59:35,30.6,1001.7,-96,-1056,16596,12.8797,80.081,0,LOW,0
18:59:36,30.6,1001.7,-96,-1056,16596,12.8797,80.081,0,LOW,0
18:59:37,30.6,1001.7,-96,-1056,16596,12.8797,80.081,0,LOW,0
18:59:38,30.6,1001.7,-36,-1072,16608,12.8797,80.081,0,LOW,0
18:59:39,30.6,1001.7,-36,-1072,16608,12.8797,80.081,0,LOW,0
18:59:40,30.6,1001.7,-36,-1072,16608,12.8797,80.081,0,LOW,0
18:59:41,30.6,1001.7,-36,-1072,16608,12.8797,80.081,0,LOW,0
18:59:42,30.6,1001.7,-36,-1072,16608,12.8797,80.081,0,LOW,0
18:59:43,30.6,1001.7,-108,-1044,16528,12.8797,80.081,0,LOW,0
18:59:44,30.6,1001.7,-108,-1044,16528,12.8797,80.081,0,LOW,0
18:59:45,30.6,1001.7,-108,-1044,16528,12.8797,80.081,0,LOW,0
18:59:46,30.6,1001.7,-108,-1044,16528,12.8797,80.081,0,LOW,0
18:59:47,30.6,1001.7,-108,-1044,16528,12.8797,80.081,0,LOW,0
18:59:48,30.6,1001.7,-72,-1112,16608,12.8797,80.081,0,LOW,0
18:59:49,30.6,1001.7,-72,-1112,16608,12.8797,80.081,0,LOW,0
18:59:51,30.6,1001.7,-72,-1112,16608,12.8797,80.081,0,LOW,0
18:59:52,30.6,1001.7,-72,-1112,16608,12.8797,80.081,0,LOW,0
18:59:53,30.6,1001.7,-72,-1112,16608,12.8797,80.081,0,LOW,0
18:59:54,30.6,1001.7,-48,-1080,16544,12.8797,80.081,0,LOW,0
18:59:55,30.6,1001.7,-48,-1080,16544,12.8797,80.081,0,LOW,0
18:59:56,30.6,1001.7,-48,-1080,16544,12.8797,80.081,0,LOW,0
18:59:57,30.6,1001.7,-48,-1080,16544,12.8797,80.081,0,LOW,0
18:59:58,30.6,1001.7,-48,-1080,16544,12.8797,80.081,0,LOW,0
18:59:59,30.6,1001.7,-16,-1000,16584,12.8797,80.081,0,LOW,0
19:00:00,30.6,1001.7,-16,-1000,16584,12.8797,80.081,0,LOW,0
19:00:01,30.6,1001.7,-16,-1000,16584,12.8797,80.081,0,LOW,0
19:00:02,30.6,1001.7,-16,-1000,16584,12.8797,80.081,0,LOW,0
19:00:03,30.6,1001.7,-16,-1000,16584,12.8797,80.081,0,LOW,0
19:00:04,30.6,1001.7,-24,-1140,16628,12.8797,80.081,0,LOW,0
19:00:05,30.6,1001.7,-24,-1140,16628,12.8797,80.081,0,LOW,0
19:00:06,30.6,1001.7,-24,-1140,16628,12.8797,80.081,0,LOW,0
19:00:07,30.6,1001.7,-24,-1140,16628,12.8797,80.081,0,LOW,0
19:00:08,30.6,1001.7,-24,-1140,16628,12.8797,80.081,0,LOW,0
19:00:09,30.6,1001.7,-24,-1140,16628,12.8797,80.081,0,LOW,0
19:00:10,30.6,1001.7,-24,-1140,16628,12.8797,80.081,0,MEDIUM,0
19:00:11,30.6,1001.7,-24,-1140,16628,12.8797,80.081,0,MEDIUM,0
19:00:12,30.6,1001.7,-24,-1140,16628,12.8797,80.081,0,MEDIUM,0
19:00:13,30.6,1001.7,-24,-1140,16628,12.8797,80.081,0,MEDIUM,0
19:00:14,30.7,1001.7,-56,-1104,16568,12.8797,80.081,0,MEDIUM,0
19:00:15,30.7,1001.7,-56,-1104,16568,12.8797,80.081,0,MEDIUM,0
19:00:16,30.7,1001.7,-56,-1104,16568,12.8797,80.081,0,MEDIUM,0
19:00:17,30.7,1001.7,-56,-1104,16568,12.8797,80.081,0,MEDIUM,0
19:00:18,30.7,1001.7,-56,-1104,16568,12.8797,80.081,0,MEDIUM,0
19:00:19,30.7,1001.7,12,-1072,16640,12.8797,80.081,0,MEDIUM,0
19:00:20,30.7,1001.7,12,-1072,16640,12.8797,80.081,0,LOW,0
19:00:21,30.7,1001.7,12,-1072,16640,12.8797,80.081,0,LOW,0
19:00:22,30.7,1001.7,12,-1072,16640,12.8797,80.081,0,LOW,0
19:00:23,30.7,1001.7,12,-1072,16640,12.8797,80.081,0,LOW,0
19:00:24,30.8,1001.7,44,-1080,16660,12.8797,80.081,0,LOW,0
19:00:25,30.8,1001.7,44,-1080,16660,12.8797,80.081,0,LOW,0
19:00:26,30.8,1001.7,44,-1080,16660,12.8797,80.081,0,LOW,0
19:00:27,30.8,1001.7,44,-1080,16660,12.8797,80.081,0,LOW,0
19:00:28,30.8,1001.7,44,-1080,16660,12.8797,80.081,0,LOW,0
19:00:29,30.8,1001.7,-28,-1012,16648,12.8797,80.081,0,LOW,0
19:00:30,30.8,1001.7,-28,-1012,16648,12.8797,80.081,0,LOW,0
19:00:31,30.8,1001.7,-28,-1012,16648,12.8797,80.081,0,LOW,0
19:00:32,30.8,1001.7,-28,-1012,16648,12.8797,80.081,0,LOW,0
19:00:33,30.8,1001.7,-28,-1012,16648,12.8797,80.081,0,LOW,0
19:00:34,30.8,1001.7,-24,-1080,16612,12.8797,80.081,0,LOW,0
19:00:35,30.8,1001.7,-24,-1080,16612,12.8797,80.081,0,LOW,0
19:00:36,30.8,1001.7,-24,-1080,16612,12.8797,80.081,0,LOW,0
19:00:37,30.8,1001.7,-24,-1080,16612,12.8797,80.081,0,LOW,0
19:00:38,30.8,1001.7,-24,-1080,16612,12.8797,80.081,0,LOW,0
19:00:39,30.8,1001.7,-36,-1048,16648,12.8797,80.081,0,LOW,0
19:00:40,30.8,1001.7,-36,-1048,16648,12.8797,80.081,0,LOW,0
19:00:41,30.8,1001.7,-36,-1048,16648,12.8797,80.081,0,LOW,0
19:00:42,30.8,1001.7,-36,-1048,16648,12.8797,80.081,0,LOW,0
19:00:43,30.8,1001.7,-36,-1048,16648,12.8797,80.081,0,LOW,0
19:00:44,30.8,1001.7,-32,-1072,16612,12.8797,80.081,0,LOW,0
19:00:45,30.8,1001.7,-32,-1072,16612,12.8797,80.081,0,LOW,0
19:00:46,30.8,1001.7,-32,-1072,16612,12.8797,80.081,0,LOW,0
19:00:47,30.8,1001.7,-32,-1072,16612,12.8797,80.081,0,LOW,0
19:00:48,30.8,1001.7,-32,-1072,16612,12.8797,80.081,0,LOW,0
19:00:49,30.8,1001.7,-52,-1028,16624,12.8797,80.081,0,LOW,0
19:00:50,30.8,1001.7,-52,-1028,16624,12.8797,80.081,0,LOW,0
19:00:51,30.8,1001.7,-52,-1028,16624,12.8797,80.081,0,LOW,0
19:00:52,30.8,1001.7,-52,-1028,16624,12.8797,80.081,0,LOW,0
19:00:53,30.8,1001.7,-52,-1028,16624,12.8797,80.081,0,LOW,0
19:00:54,30.8,1001.8,-20,-1112,16628,12.8797,80.081,0,LOW,0
19:00:55,30.8,1001.8,-20,-1112,16628,12.8797,80.081,0,LOW,0
19:00:56,30.8,1001.8,-20,-1112,16628,12.8797,80.081,0,LOW,0
19:00:57,30.8,1001.8,-20,-1112,16628,12.8797,80.081,0,LOW,0
19:00:58,30.8,1001.8,-20,-1112,16628,12.8797,80.081,0,LOW,0
19:00:59,30.8,1001.8,-20,-1112,16628,12.8797,80.081,0,LOW,0
19:01:00,30.8,1001.8,-20,-1112,16628,12.8797,80.081,0,LOW,0
19:01:01,30.8,1001.8,-20,-1112,16628,12.8797,80.081,0,MEDIUM,0
19:01:02,30.8,1001.8,-20,-1112,16628,12.8797,80.081,0,MEDIUM,0
19:01:03,30.8,1001.8,-20,-1112,16628,12.8797,80.081,0,MEDIUM,0
19:01:04,30.8,1001.8,-20,-1112,16628,12.8797,80.081,0,MEDIUM,0
19:01:05,30.8,1001.7,-68,-1104,16564,12.8797,80.081,0,MEDIUM,0
19:01:06,30.8,1001.7,-68,-1104,16564,12.8797,80.081,0,MEDIUM,0
19:01:07,30.8,1001.7,-68,-1104,16564,12.8797,80.081,0,MEDIUM,0
19:01:08,30.8,1001.7,-68,-1104,16564,12.8797,80.081,0,MEDIUM,0
19:01:09,30.8,1001.7,-68,-1104,16564,12.8797,80.081,0,MEDIUM,0
19:01:10,30.8,1001.7,60,-1108,16540,12.8797,80.081,0,MEDIUM,0
19:01:11,30.8,1001.7,60,-1108,16540,12.8797,80.081,0,LOW,0
19:01:12,30.8,1001.7,60,-1108,16540,12.8797,80.081,0,LOW,0
19:01:13,30.8,1001.7,60,-1108,16540,12.8797,80.081,0,LOW,0
19:01:14,30.8,1001.7,60,-1108,16540,12.8797,80.081,0,LOW,0
19:01:16,30.8,1001.7,-12,-1088,16672,12.8797,80.081,0,LOW,0
19:01:17,30.8,1001.7,-12,-1088,16672,12.8797,80.081,0,LOW,0
19:01:18,30.8,1001.7,-12,-1088,16672,12.8797,80.081,0,LOW,0
19:01:19,30.8,1001.7,-12,-1088,16672,12.8797,80.081,0,LOW,0
19:01:20,30.8,1001.7,-12,-1088,16672,12.8797,80.081,0,LOW,0
19:01:21,30.8,1001.7,-36,-1032,16584,12.8797,80.081,0,LOW,0
19:01:22,30.8,1001.7,-36,-1032,16584,12.8797,80.081,0,LOW,0
19:01:23,30.8,1001.7,-36,-1032,16584,12.8797,80.081,0,LOW,0
19:01:24,30.8,1001.7,-36,-1032,16584,12.8797,80.081,0,LOW,0
19:01:25,30.8,1001.7,-36,-1032,16584,12.8797,80.081,0,LOW,0
19:01:26,30.8,1001.7,-28,-1092,16628,12.8797,80.081,0,LOW,0
19:01:27,30.8,1001.7,-28,-1092,16628,12.8797,80.081,0,LOW,0
19:01:28,30.8,1001.7,-28,-1092,16628,12.8797,80.081,0,LOW,0
19:01:29,30.8,1001.7,-28,-1092,16628,12.8797,80.081,0,LOW,0
19:01:30,30.8,1001.7,-28,-1092,16628,12.8797,80.081,0,LOW,0
19:01:31,30.9,1001.8,-32,-1036,16556,12.8797,80.081,0,LOW,0
19:01:32,30.9,1001.8,-32,-1036,16556,12.8797,80.081,0,LOW,0
19:01:33,30.9,1001.8,-32,-1036,16556,12.8797,80.081,0,LOW,0
19:01:34,30.9,1001.8,-32,-1036,16556,12.8797,80.081,0,LOW,0
19:01:35,30.9,1001.8,-32,-1036,16556,12.8797,80.081,0,LOW,0
19:01:36,30.9,1001.7,32,-1092,16620,12.8797,80.081,0,LOW,0
19:01:37,30.9,1001.7,32,-1092,16620,12.8797,80.081,0,LOW,0
19:01:38,30.9,1001.7,32,-1092,16620,12.8797,80.081,0,LOW,0
19:01:39,30.9,1001.7,32,-1092,16620,12.8797,80.081,0,LOW,0
19:01:40,30.9,1001.7,32,-1092,16620,12.8797,80.081,0,LOW,0
19:01:41,30.9,1001.8,-8,-1044,16544,12.8797,80.081,0,LOW,0
19:01:42,30.9,1001.8,-8,-1044,16544,12.8797,80.081,0,LOW,0
19:01:43,30.9,1001.8,-8,-1044,16544,12.8797,80.081,0,LOW,0
19:01:44,30.9,1001.8,-8,-1044,16544,12.8797,80.081,0,LOW,0
19:01:45,30.9,1001.8,-8,-1044,16544,12.8797,80.081,0,LOW,0
19:01:46,30.9,1001.7,0,-1052,16672,12.8797,80.081,0,LOW,0
19:01:47,30.9,1001.7,0,-1052,16672,12.8797,80.081,0,LOW,0
19:01:48,30.9,1001.7,0,-1052,16672,12.8797,80.081,0,LOW,0
19:01:49,30.9,1001.7,0,-1052,16672,12.8797,80.081,0,LOW,0
19:01:50,30.9,1001.7,0,-1052,16672,12.8797,80.081,0,LOW,0
19:01:51,30.9,1001.7,-4,-1116,16596,12.8797,80.081,0,LOW,0
19:01:52,30.9,1001.7,-4,-1116,16596,12.8797,80.081,0,LOW,0
19:01:53,30.9,1001.7,-4,-1116,16596,12.8797,80.081,0,LOW,0
19:01:54,30.9,1001.7,-4,-1116,16596,12.8797,80.081,0,LOW,0
19:01:55,30.9,1001.7,-4,-1116,16596,12.8797,80.081,0,LOW,0
19:01:56,30.9,1001.7,-40,-1060,16600,12.8797,80.081,0,LOW,0
19:01:57,30.9,1001.7,-40,-1060,16600,12.8797,80.081,0,LOW,0
19:01:58,30.9,1001.7,-40,-1060,16600,12.8797,80.081,0,LOW,0
19:01:59,30.9,1001.7,-40,-1060,16600,12.8797,80.081,0,LOW,0
19:02:00,30.9,1001.7,-40,-1060,16600,12.8797,80.081,0,LOW,0
19:02:01,30.9,1001.8,-32,-1064,16588,12.8797,80.081,0,LOW,0
19:02:02,30.9,1001.8,-32,-1064,16588,12.8797,80.081,0,LOW,0
19:02:03,30.9,1001.8,-32,-1064,16588,12.8797,80.081,0,LOW,0
19:02:04,30.9,1001.8,-32,-1064,16588,12.8797,80.081,0,LOW,0
19:02:05,30.9,1001.8,-32,-1064,16588,12.8797,80.081,0,LOW,0
19:02:06,30.9,1001.7,60,-1068,16616,12.8797,80.081,0,LOW,0
19:02:07,30.9,1001.7,60,-1068,16616,12.8797,80.081,0,LOW,0
19:02:08,30.9,1001.7,60,-1068,16616,12.8797,80.081,0,LOW,0
19:02:09,30.9,1001.7,60,-1068,16616,12.8797,80.081,0,LOW,0
19:02:10,30.9,1001.7,60,-1068,16616,12.8797,80.081,0,LOW,0
19:02:11,30.9,1001.8,-40,-1072,16600,12.8797,80.081,0,LOW,0
19:02:12,30.9,1001.8,-40,-1072,16600,12.8797,80.081,0,LOW,0
19:02:13,30.9,1001.8,-40,-1072,16600,12.8797,80.081,0,LOW,0
19:02:14,30.9,1001.8,-40,-1072,16600,12.8797,80.081,0,LOW,0
19:02:15,30.9,1001.8,-40,-1072,16600,12.8797,80.081,0,LOW,0
19:02:16,30.9,1001.7,-36,-1048,16568,12.8797,80.081,0,LOW,0
19:02:17,30.9,1001.7,-36,-1048,16568,12.8797,80.081,0,LOW,0
19:02:18,30.9,1001.7,-36,-1048,16568,12.8797,80.081,0,LOW,0
19:02:19,30.9,1001.7,-36,-1048,16568,12.8797,80.081,0,LOW,0
19:02:20,30.9,1001.7,-36,-1048,16568,12.8797,80.081,0,LOW,0
19:02:21,30.9,1001.7,20,-1060,16532,12.8797,80.081,0,LOW,0
19:02:22,30.9,1001.7,20,-1060,16532,12.8797,80.081,0,LOW,0
19:02:23,30.9,1001.7,20,-1060,16532,12.8797,80.081,0,LOW,0
19:02:24,30.9,1001.7,20,-1060,16532,12.8797,80.081,0,LOW,0
19:02:25,30.9,1001.7,20,-1060,16532,12.8797,80.081,0,LOW,0
19:02:26,31.0,1001.7,-100,-1080,16560,12.8797,80.081,0,LOW,0
19:02:27,31.0,1001.7,-100,-1080,16560,12.8797,80.081,0,LOW,0
19:02:28,31.0,1001.7,-100,-1080,16560,12.8797,80.081,0,LOW,0
19:02:29,31.0,1001.7,-100,-1080,16560,12.8797,80.081,0,LOW,0
19:02:30,31.0,1001.7,-100,-1080,16560,12.8797,80.081,0,LOW,0
19:02:31,31.0,1001.7,-12,-1072,16684,12.8797,80.081,0,LOW,0
19:02:32,31.0,1001.7,-12,-1072,16684,12.8797,80.081,0,LOW,0
19:02:33,31.0,1001.7,-12,-1072,16684,12.8797,80.081,0,LOW,0
19:02:34,31.0,1001.7,-12,-1072,16684,12.8797,80.081,0,LOW,0
19:02:35,31.0,1001.7,-12,-1072,16684,12.8797,80.081,0,LOW,0
19:02:36,31.0,1001.7,-28,-1076,16628,12.8797,80.081,0,LOW,0
19:02:37,31.0,1001.7,-28,-1076,16628,12.8797,80.081,0,LOW,0
19:02:38,31.0,1001.7,-28,-1076,16628,12.8797,80.081,0,LOW,0
19:02:39,31.0,1001.7,-28,-1076,16628,12.8797,80.081,0,LOW,0
19:02:40,31.0,1001.7,-28,-1076,16628,12.8797,80.081,0,LOW,0
19:02:41,31.0,1001.7,-60,-1132,16548,12.8797,80.081,0,LOW,0
19:02:42,31.0,1001.7,-60,-1132,16548,12.8797,80.081,0,LOW,0
19:02:43,31.0,1001.7,-60,-1132,16548,12.8797,80.081,0,LOW,0
19:02:44,31.0,1001.7,-60,-1132,16548,12.8797,80.081,0,LOW,0
19:02:45,31.0,1001.7,-60,-1132,16548,12.8797,80.081,0,LOW,0
19:02:46,31.0,1001.7,12,-1068,16584,12.8797,80.081,0,LOW,0
19:02:47,31.0,1001.7,12,-1068,16584,12.8797,80.081,0,LOW,0
19:02:48,31.0,1001.7,12,-1068,16584,12.8797,80.081,0,LOW,0
19:02:49,31.0,1001.7,12,-1068,16584,12.8797,80.081,0,LOW,0
19:02:50,31.0,1001.7,12,-1068,16584,12.8797,80.081,0,LOW,0
19:02:51,31.0,1001.7,12,-1148,16552,12.8797,80.081,0,LOW,0
19:02:52,31.0,1001.7,12,-1148,16552,12.8797,80.081,0,LOW,0
19:02:53,31.0,1001.7,12,-1148,16552,12.8797,80.081,0,LOW,0
19:02:54,31.0,1001.7,12,-1148,16552,12.8797,80.081,0,LOW,0
19:02:55,31.0,1001.7,12,-1148,16552,12.8797,80.081,0,LOW,0
19:02:56,31.0,1001.7,-28,-1212,16628,12.8797,80.081,0,LOW,0
19:02:57,31.0,1001.7,-28,-1212,16628,12.8797,80.081,0,LOW,0
19:02:58,31.0,1001.7,-28,-1212,16628,12.8797,80.081,0,LOW,0
19:02:59,31.0,1001.7,-28,-1212,16628,12.8797,80.081,0,LOW,0
19:03:01,31.0,1001.7,-28,-1212,16628,12.8797,80.081,0,LOW,0
19:03:02,31.0,1001.7,-60,-1116,16620,12.8797,80.081,0,LOW,0
19:03:03,31.0,1001.7,-60,-1116,16620,12.8797,80.081,0,LOW,0
19:03:04,31.0,1001.7,-60,-1116,16620,12.8797,80.081,0,LOW,0
19:03:05,31.0,1001.7,-60,-1116,16620,12.8797,80.081,0,LOW,0
19:03:06,31.0,1001.7,-60,-1116,16620,12.8797,80.081,0,LOW,0
19:03:07,31.0,1001.7,20,-1176,16652,12.8797,80.081,0,LOW,0
19:03:08,31.0,1001.7,20,-1176,16652,12.8797,80.081,0,LOW,0
19:03:09,31.0,1001.7,20,-1176,16652,12.8797,80.081,0,LOW,0
19:03:10,31.0,1001.7,20,-1176,16652,12.8797,80.081,0,LOW,0
19:12:39,31.9,1001.9,-36,-1136,16656,12.813828,80.037376,1,LOW,0
19:12:40,31.9,1001.9,-36,-1136,16656,12.813828,80.037376,1,LOW,0
19:12:41,31.9,1001.9,-36,-1136,16656,12.813828,80.037376,1,LOW,0
19:12:42,31.9,1001.9,-36,-1136,16656,12.813828,80.037376,1,LOW,0
19:12:43,31.9,1001.9,-36,-1136,16656,12.813828,80.037376,1,LOW,0
19:12:44,31.9,1001.9,-56,-1132,16564,12.813828,80.037376,0,LOW,0
19:12:45,31.9,1001.9,-56,-1132,16564,12.813828,80.037376,0,LOW,0
19:12:46,31.9,1001.9,-56,-1132,16564,12.813828,80.037376,0,LOW,0
19:12:47,31.9,1001.9,-56,-1132,16564,12.813828,80.037376,0,LOW,0
19:12:48,31.9,1001.9,-56,-1132,16564,12.813828,80.037376,0,LOW,0
19:12:49,31.9,1001.9,-28,-1168,16640,12.813829,80.037399,1,LOW,0
19:12:50,31.9,1001.9,-28,-1168,16640,12.813829,80.037399,1,LOW,0
19:12:51,31.9,1001.9,-28,-1168,16640,12.813829,80.037399,1,LOW,0
19:12:52,31.9,1001.9,-28,-1168,16640,12.813829,80.037399,1,LOW,0
19:12:53,31.9,1001.9,-28,-1168,16640,12.813829,80.037399,1,LOW,0
19:12:54,31.9,1001.9,-92,-1080,16656,12.813832,80.037399,1,LOW,0
19:12:55,31.9,1001.9,-92,-1080,16656,12.813832,80.037399,1,LOW,0
19:12:56,31.9,1001.9,-92,-1080,16656,12.813832,80.037399,1,LOW,0
19:12:57,31.9,1001.9,-92,-1080,16656,12.813832,80.037399,1,LOW,0
19:12:58,31.9,1001.9,-92,-1080,16656,12.813832,80.037399,1,LOW,0
19:12:59,31.9,1001.9,-112,-1132,16704,12.813846,80.037399,1,LOW,0
19:13:00,31.9,1001.9,-112,-1132,16704,12.813846,80.037399,1,LOW,0
19:13:01,31.9,1001.9,-112,-1132,16704,12.813846,80.037399,1,LOW,0
19:13:02,31.9,1001.9,-112,-1132,16704,12.813846,80.037399,1,LOW,0
19:13:03,31.9,1001.9,-112,-1132,16704,12.813846,80.037399,1,LOW,0
19:13:04,31.9,1001.9,0,-1152,16676,12.813852,80.037422,1,LOW,0
19:13:05,31.9,1001.9,0,-1152,16676,12.813852,80.037422,1,LOW,0
19:13:06,31.9,1001.9,0,-1152,16676,12.813852,80.037422,1,LOW,0
19:13:07,31.9,1001.9,0,-1152,16676,12.813852,80.037422,1,LOW,0
19:13:08,31.9,1001.9,0,-1152,16676,12.813852,80.037422,1,LOW,0
19:13:09,31.9,1001.9,-24,-1076,16612,12.813848,80.037468,1,LOW,0
19:13:10,31.9,1001.9,-24,-1076,16612,12.813848,80.037468,1,LOW,0
19:13:11,31.9,1001.9,-24,-1076,16612,12.813848,80.037468,1,LOW,0
19:13:12,31.9,1001.9,-24,-1076,16612,12.813848,80.037468,1,LOW,0
19:13:13,31.9,1001.9,-24,-1076,16612,12.813848,80.037468,1,LOW,0
19:13:14,31.9,1001.9,-36,-1064,16568,12.813855,80.03746,1,LOW,0
19:13:15,31.9,1001.9,-36,-1064,16568,12.813855,80.03746,1,LOW,0
19:13:16,31.9,1001.9,-36,-1064,16568,12.813855,80.03746,1,LOW,0
19:13:18,31.9,1001.9,-36,-1064,16568,12.813855,80.03746,1,LOW,0
19:13:19,31.9,1001.9,-36,-1064,16568,12.813855,80.03746,1,LOW,0
19:13:20,31.9,1001.9,-28,-1140,16564,12.813855,80.03746,0,LOW,0
19:13:21,31.9,1001.9,-28,-1140,16564,12.813855,80.03746,0,LOW,0
19:13:22,31.9,1001.9,-28,-1140,16564,12.813855,80.03746,0,LOW,0
19:13:23,31.9,1001.9,-28,-1140,16564,12.813855,80.03746,0,LOW,0
19:13:24,31.9,1001.9,-28,-1140,16564,12.813855,80.03746,0,LOW,0
19:13:25,31.9,1001.9,-96,-1168,16524,12.813916,80.037384,1,LOW,0
19:13:26,31.9,1001.9,-96,-1168,16524,12.813916,80.037384,1,LOW,0
19:13:27,31.9,1001.9,-96,-1168,16524,12.813916,80.037384,1,LOW,0
19:13:28,31.9,1001.9,-96,-1168,16524,12.813916,80.037384,1,LOW,0
19:13:29,31.9,1001.9,-96,-1168,16524,12.813916,80.037384,1,LOW,0
19:13:30,31.9,1001.9,-76,-1132,16576,12.813906,80.037392,1,LOW,0
19:13:31,31.9,1001.9,-76,-1132,16576,12.813906,80.037392,1,LOW,0
19:13:32,31.9,1001.9,-76,-1132,16576,12.813906,80.037392,1,LOW,0
19:13:33,31.9,1001.9,-76,-1132,16576,12.813906,80.037392,1,LOW,0
19:13:34,31.9,1001.9,-76,-1132,16576,12.813906,80.037392,1,LOW,0
19:13:35,31.9,1001.9,-56,-1176,16580,12.813913,80.037376,1,LOW,0
19:13:36,31.9,1001.9,-56,-1176,16580,12.813913,80.037376,1,LOW,0
19:13:37,31.9,1001.9,-56,-1176,16580,12.813913,80.037376,1,LOW,0
19:13:38,31.9,1001.9,-56,-1176,16580,12.813913,80.037376,1,LOW,0
19:13:39,31.9,1001.9,-56,-1176,16580,12.813913,80.037376,1,LOW,0
19:13:40,31.9,1001.9,-44,-1076,16564,12.813915,80.037376,1,LOW,0
19:13:41,31.9,1001.9,-44,-1076,16564,12.813915,80.037376,1,LOW,0
19:13:42,31.9,1001.9,-44,-1076,16564,12.813915,80.037376,1,LOW,0
19:13:43,31.9,1001.9,-44,-1076,16564,12.813915,80.037376,1,LOW,0
19:13:44,31.9,1001.9,-44,-1076,16564,12.813915,80.037376,1,LOW,0
19:13:45,31.9,1001.9,-68,-1152,16572,12.813911,80.037415,1,LOW,0
19:13:46,31.9,1001.9,-68,-1152,16572,12.813911,80.037415,1,LOW,0
19:13:47,31.9,1001.9,-68,-1152,16572,12.813911,80.037415,1,LOW,0
19:13:48,31.9,1001.9,-68,-1152,16572,12.813911,80.037415,1,LOW,0
19:13:49,31.9,1001.9,-68,-1152,16572,12.813911,80.037415,1,LOW,0
19:13:50,31.9,1001.9,-28,-1108,16584,12.813911,80.037415,0,LOW,0
19:13:51,31.9,1001.9,-28,-1108,16584,12.813911,80.037415,0,LOW,0
19:13:52,31.9,1001.9,-28,-1108,16584,12.813911,80.037415,0,LOW,0
19:13:53,31.9,1001.9,-28,-1108,16584,12.813911,80.037415,0,LOW,0
19:13:54,31.9,1001.9,-28,-1108,16584,12.813911,80.037415,0,LOW,0
19:13:55,31.9,1002.0,-112,-1036,16680,12.813906,80.03746,1,LOW,0
19:13:56,31.9,1002.0,-112,-1036,16680,12.813906,80.03746,1,LOW,0
19:13:57,31.9,1002.0,-112,-1036,16680,12.813906,80.03746,1,LOW,0
19:13:58,31.9,1002.0,-112,-1036,16680,12.813906,80.03746,1,LOW,0
19:13:59,31.9,1002.0,-112,-1036,16680,12.813906,80.03746,1,LOW,0
19:14:00,31.9,1002.0,-60,-1092,16692,12.813918,80.03746,1,LOW,0
19:14:01,31.9,1002.0,-60,-1092,16692,12.813918,80.03746,1,LOW,0
19:14:02,31.9,1002.0,-60,-1092,16692,12.813918,80.03746,1,LOW,0
19:14:03,31.9,1002.0,-60,-1092,16692,12.813918,80.03746,1,LOW,0
19:14:04,31.9,1002.0,-60,-1092,16692,12.813918,80.03746,1,LOW,0
19:14:05,31.9,1001.9,-132,-1152,16556,12.813894,80.037453,1,LOW,0
19:14:06,31.9,1001.9,-132,-1152,16556,12.813894,80.037453,1,LOW,0
19:14:07,31.9,1001.9,-132,-1152,16556,12.813894,80.037453,1,LOW,0
19:14:08,31.9,1001.9,-132,-1152,16556,12.813894,80.037453,1,LOW,0
19:14:09,31.9,1001.9,-132,-1152,16556,12.813894,80.037453,1,LOW,0
19:14:10,31.9,1001.9,-16,-1148,16560,12.813884,80.03743,1,LOW,0
19:14:11,31.9,1001.9,-16,-1148,16560,12.813884,80.03743,1,LOW,0
19:14:12,31.9,1001.9,-16,-1148,16560,12.813884,80.03743,1,LOW,0
19:14:13,31.9,1001.9,-16,-1148,16560,12.813884,80.03743,1,LOW,0
19:14:14,31.9,1001.9,-16,-1148,16560,12.813884,80.03743,1,LOW,0
19:14:15,31.9,1002.0,-128,-1116,16596,12.813881,80.037445,1,LOW,0
19:14:16,31.9,1002.0,-128,-1116,16596,12.813881,80.037445,1,LOW,0
19:14:17,31.9,1002.0,-128,-1116,16596,12.813881,80.037445,1,LOW,0
19:14:18,31.9,1002.0,-128,-1116,16596,12.813881,80.037445,1,LOW,0
19:14:19,31.9,1002.0,-128,-1116,16596,12.813881,80.037445,1,LOW,0
19:14:20,31.9,1002.0,-76,-1052,16552,12.813881,80.037445,0,LOW,0
19:14:21,31.9,1002.0,-76,-1052,16552,12.813881,80.037445,0,LOW,0
19:14:22,31.9,1002.0,-76,-1052,16552,12.813881,80.037445,0,LOW,0
19:14:23,31.9,1002.0,-76,-1052,16552,12.813881,80.037445,0,LOW,0
19:14:24,31.9,1002.0,-76,-1052,16552,12.813881,80.037445,0,LOW,0
19:14:25,31.9,1002.0,-40,-1068,16624,12.813881,80.037445,0,LOW,0
19:14:26,31.9,1002.0,-40,-1068,16624,12.813881,80.037445,0,LOW,0
19:14:28,31.9,1002.0,-40,-1068,16624,12.813881,80.037445,0,LOW,0
19:14:29,31.9,1002.0,-40,-1068,16624,12.813881,80.037445,0,LOW,0
19:14:30,31.9,1002.0,-40,-1068,16624,12.813881,80.037445,0,LOW,0
19:14:31,31.9,1001.9,-68,-1112,16660,12.813892,80.037407,1,LOW,0
19:14:32,31.9,1001.9,-68,-1112,16660,12.813892,80.037407,1,LOW,0
19:14:33,31.9,1001.9,-68,-1112,16660,12.813892,80.037407,1,LOW,0
19:14:34,31.9,1001.9,-68,-1112,16660,12.813892,80.037407,1,LOW,0
19:14:35,31.9,1001.9,-68,-1112,16660,12.813892,80.037407,1,LOW,0
19:14:36,31.9,1002.0,-60,-1160,16696,12.813882,80.037407,1,LOW,0
19:14:37,31.9,1002.0,-60,-1160,16696,12.813882,80.037407,1,LOW,0
19:14:38,31.9,1002.0,-60,-1160,16696,12.813882,80.037407,1,LOW,0
19:14:39,31.9,1002.0,-60,-1160,16696,12.813882,80.037407,1,LOW,0
19:14:40,31.9,1002.0,-60,-1160,16696,12.813882,80.037407,1,LOW,0
19:14:41,31.9,1002.0,-96,-1092,16648,12.813882,80.037407,0,LOW,0
19:14:42,31.9,1002.0,-96,-1092,16648,12.813882,80.037407,0,LOW,0
19:14:43,31.9,1002.0,-96,-1092,16648,12.813882,80.037407,0,LOW,0
19:14:44,31.9,1002.0,-96,-1092,16648,12.813882,80.037407,0,LOW,0
19:14:45,31.9,1002.0,-96,-1092,16648,12.813882,80.037407,0,LOW,0
19:14:46,31.9,1001.9,-84,-1104,16652,12.813861,80.037384,1,LOW,0
19:14:47,31.9,1001.9,-84,-1104,16652,12.813861,80.037384,1,LOW,0
19:14:48,31.9,1001.9,-84,-1104,16652,12.813861,80.037384,1,LOW,0
19:14:49,31.9,1001.9,-84,-1104,16652,12.813861,80.037384,1,LOW,0
19:14:50,31.9,1001.9,-84,-1104,16652,12.813861,80.037384,1,LOW,0
19:14:51,31.9,1001.9,-96,-1184,16692,12.813851,80.037392,1,LOW,0
19:14:52,31.9,1001.9,-96,-1184,16692,12.813851,80.037392,1,LOW,0
19:14:53,31.9,1001.9,-96,-1184,16692,12.813851,80.037392,1,LOW,0
19:14:54,31.9,1001.9,-96,-1184,16692,12.813851,80.037392,1,LOW,0
19:14:55,31.9,1001.9,-96,-1184,16692,12.813851,80.037392,1,LOW,0
19:14:56,31.9,1001.9,-40,-1028,16736,12.813851,80.037392,0,LOW,0
19:14:57,31.9,1001.9,-40,-1028,16736,12.813851,80.037392,0,LOW,0
19:14:58,31.9,1001.9,-40,-1028,16736,12.813851,80.037392,0,LOW,0
19:14:59,31.9,1001.9,-40,-1028,16736,12.813851,80.037392,0,LOW,0
19:15:00,31.9,1001.9,-40,-1028,16736,12.813851,80.037392,0,LOW,0
19:15:01,31.9,1002.0,-44,-1088,16628,12.813862,80.037354,1,LOW,0
19:15:02,31.9,1002.0,-44,-1088,16628,12.813862,80.037354,1,LOW,0
19:15:03,31.9,1002.0,-44,-1088,16628,12.813862,80.037354,1,LOW,0
19:15:04,31.9,1002.0,-44,-1088,16628,12.813862,80.037354,1,LOW,0
19:15:05,31.9,1002.0,-44,-1088,16628,12.813862,80.037354,1,LOW,0
19:15:06,31.9,1001.9,-48,-1128,16760,12.813859,80.037346,1,LOW,0
19:15:07,31.9,1001.9,-48,-1128,16760,12.813859,80.037346,1,LOW,0
19:15:08,31.9,1001.9,-48,-1128,16760,12.813859,80.037346,1,LOW,0
19:15:09,31.9,1001.9,-48,-1128,16760,12.813859,80.037346,1,LOW,0
19:15:10,31.9,1001.9,-48,-1128,16760,12.813859,80.037346,1,LOW,0
19:15:11,31.9,1002.0,-140,-1164,16688,12.813855,80.037369,1,LOW,0
19:15:12,31.9,1002.0,-140,-1164,16688,12.813855,80.037369,1,LOW,0
19:15:13,31.9,1002.0,-140,-1164,16688,12.813855,80.037369,1,LOW,0
19:15:14,31.9,1002.0,-140,-1164,16688,12.813855,80.037369,1,LOW,0
19:15:15,31.9,1002.0,-140,-1164,16688,12.813855,80.037369,1,LOW,0
19:15:16,31.9,1001.9,-20,-1100,16496,12.81385,80.037376,1,LOW,0
19:15:17,31.9,1001.9,-20,-1100,16496,12.81385,80.037376,1,LOW,0
19:15:18,31.9,1001.9,-20,-1100,16496,12.81385,80.037376,1,LOW,0
19:15:19,31.9,1001.9,-20,-1100,16496,12.81385,80.037376,1,LOW,0
19:15:20,31.9,1001.9,-20,-1100,16496,12.81385,80.037376,1,LOW,0
19:15:21,31.9,1002.0,-124,-1108,16660,12.813837,80.037415,1,LOW,0
19:15:22,31.9,1002.0,-124,-1108,16660,12.813837,80.037415,1,LOW,0
19:15:23,31.9,1002.0,-124,-1108,16660,12.813837,80.037415,1,LOW,0
19:15:24,31.9,1002.0,-124,-1108,16660,12.813837,80.037415,1,LOW,0
19:15:25,31.9,1002.0,-124,-1108,16660,12.813837,80.037415,1,LOW,0
19:15:26,31.9,1001.9,-84,-1144,16660,12.813837,80.037415,0,LOW,0
19:15:28,31.9,1001.9,-84,-1144,16660,12.813837,80.037415,0,LOW,0
19:15:29,31.9,1001.9,-84,-1144,16660,12.813837,80.037415,0,LOW,0
19:15:30,31.9,1001.9,-84,-1144,16660,12.813837,80.037415,0,LOW,0
19:15:31,31.9,1001.9,-84,-1144,16660,12.813837,80.037415,0,LOW,0
19:15:32,31.9,1002.0,4,-1124,16592,12.813857,80.037445,1,LOW,0
19:15:33,31.9,1002.0,4,-1124,16592,12.813857,80.037445,1,LOW,0
19:15:34,31.9,1002.0,4,-1124,16592,12.813857,80.037445,1,LOW,0
19:15:35,31.9,1002.0,4,-1124,16592,12.813857,80.037445,1,LOW,0
19:15:36,31.9,1002.0,4,-1124,16592,12.813857,80.037445,1,LOW,0
19:15:37,31.9,1002.0,4,-1124,16592,12.813857,80.037445,1,LOW,0
19:15:38,31.9,1002.0,4,-1124,16592,12.813857,80.037445,1,LOW,0
19:15:39,31.9,1002.0,4,-1124,16592,12.813857,80.037445,1,LOW,0
19:15:40,31.9,1002.0,4,-1124,16592,12.813857,80.037445,1,MEDIUM,0
19:15:41,31.9,1002.0,4,-1124,16592,12.813857,80.037445,0,MEDIUM,0
19:15:42,31.9,1002.0,4,-1124,16592,12.813857,80.037445,0,MEDIUM,0
19:15:43,31.9,1002.0,4,-1124,16592,12.813857,80.037445,0,MEDIUM,0
19:15:44,31.9,1002.0,-80,-1072,16524,12.813867,80.037476,1,MEDIUM,0
19:15:45,31.9,1002.0,-80,-1072,16524,12.813867,80.037476,1,MEDIUM,0
19:15:46,31.9,1002.0,-80,-1072,16524,12.813867,80.037476,1,MEDIUM,0
19:15:47,31.9,1002.0,-80,-1072,16524,12.813867,80.037476,1,MEDIUM,0
19:15:48,31.9,1002.0,-80,-1072,16524,12.813867,80.037476,1,MEDIUM,0
19:15:49,31.9,1002.0,0,-1024,16712,12.813869,80.037514,1,MEDIUM,0
19:15:50,31.9,1002.0,0,-1024,16712,12.813869,80.037514,1,LOW,0
19:15:51,31.9,1002.0,0,-1024,16712,12.813869,80.037514,1,LOW,0
19:15:52,31.9,1002.0,0,-1024,16712,12.813869,80.037514,1,LOW,0
19:15:53,31.9,1002.0,0,-1024,16712,12.813869,80.037514,1,LOW,0
19:15:54,31.9,1002.0,-52,-1048,16624,12.813885,80.037476,1,LOW,0
19:15:55,31.9,1002.0,-52,-1048,16624,12.813885,80.037476,1,LOW,0
19:15:56,31.9,1002.0,-52,-1048,16624,12.813885,80.037476,1,LOW,0
19:15:57,31.9,1002.0,-52,-1048,16624,12.813885,80.037476,1,LOW,0
19:15:58,31.9,1002.0,-52,-1048,16624,12.813885,80.037476,1,LOW,0
19:15:59,32.0,1001.9,-72,-1124,16596,12.81391,80.037437,1,LOW,0
19:16:00,32.0,1001.9,-72,-1124,16596,12.81391,80.037437,1,LOW,0
19:16:01,32.0,1001.9,-72,-1124,16596,12.81391,80.037437,1,LOW,0
19:16:02,32.0,1001.9,-72,-1124,16596,12.81391,80.037437,1,LOW,0
19:16:03,32.0,1001.9,-72,-1124,16596,12.81391,80.037437,1,LOW,0
19:16:04,32.0,1001.9,-40,-1132,16636,12.813918,80.03743,1,LOW,0
19:16:05,32.0,1001.9,-40,-1132,16636,12.813918,80.03743,1,LOW,0
19:16:06,32.0,1001.9,-40,-1132,16636,12.813918,80.03743,1,LOW,0
19:16:07,32.0,1001.9,-40,-1132,16636,12.813918,80.03743,1,LOW,0
19:16:08,32.0,1001.9,-40,-1132,16636,12.813918,80.03743,1,LOW,0
19:16:09,32.0,1002.0,-32,-1056,16660,12.813918,80.03743,0,LOW,0
19:16:10,32.0,1002.0,-32,-1056,16660,12.813918,80.03743,0,LOW,0
19:16:11,32.0,1002.0,-32,-1056,16660,12.813918,80.03743,0,LOW,0
19:16:12,32.0,1002.0,-32,-1056,16660,12.813918,80.03743,0,LOW,0
19:16:13,32.0,1002.0,-32,-1056,16660,12.813918,80.03743,0,LOW,0
19:16:14,32.0,1002.0,-104,-1072,16584,12.81394,80.037445,1,LOW,0
19:16:15,32.0,1002.0,-104,-1072,16584,12.81394,80.037445,1,LOW,0
19:16:16,32.0,1002.0,-104,-1072,16584,12.81394,80.037445,1,LOW,0
19:16:17,32.0,1002.0,-104,-1072,16584,12.81394,80.037445,1,LOW,0
19:16:18,32.0,1002.0,-104,-1072,16584,12.81394,80.037445,1,LOW,0
19:16:19,31.9,1001.9,-76,-1040,16572,12.813959,80.037445,1,LOW,0
19:16:20,31.9,1001.9,-76,-1040,16572,12.813959,80.037445,1,LOW,0
19:16:21,31.9,1001.9,-76,-1040,16572,12.813959,80.037445,1,LOW,0
19:16:22,31.9,1001.9,-76,-1040,16572,12.813959,80.037445,1,LOW,0
19:16:23,31.9,1001.9,-76,-1040,16572,12.813959,80.037445,1,LOW,0
19:16:24,32.0,1002.0,-72,-1044,16608,12.813971,80.037437,1,LOW,0
19:16:25,32.0,1002.0,-72,-1044,16608,12.813971,80.037437,1,LOW,0
19:16:26,32.0,1002.0,-72,-1044,16608,12.813971,80.037437,1,LOW,0
19:16:27,32.0,1002.0,-72,-1044,16608,12.813971,80.037437,1,LOW,0
19:16:28,32.0,1002.0,-72,-1044,16608,12.813971,80.037437,1,LOW,0
19:16:29,31.9,1001.9,-60,-1104,16648,12.813984,80.037491,1,LOW,0
19:16:30,31.9,1001.9,-60,-1104,16648,12.813984,80.037491,1,LOW,0
19:16:31,31.9,1001.9,-60,-1104,16648,12.813984,80.037491,1,LOW,0
19:16:32,31.9,1001.9,-60,-1104,16648,12.813984,80.037491,1,LOW,0
19:16:33,31.9,1001.9,-60,-1104,16648,12.813984,80.037491,1,LOW,0
19:16:34,32.0,1002.0,-92,-1136,16656,12.813996,80.037498,1,LOW,0
19:16:35,32.0,1002.0,-92,-1136,16656,12.813996,80.037498,1,LOW,0
19:16:36,32.0,1002.0,-92,-1136,16656,12.813996,80.037498,1,LOW,0
19:16:37,32.0,1002.0,-92,-1136,16656,12.813996,80.037498,1,LOW,0
19:16:38,32.0,1002.0,-92,-1136,16656,12.813996,80.037498,1,LOW,0
19:16:39,31.9,1001.9,-76,-1004,16588,12.813996,80.037498,0,LOW,0
19:16:40,31.9,1001.9,-76,-1004,16588,12.813996,80.037498,0,LOW,0
19:16:42,31.9,1001.9,-76,-1004,16588,12.813996,80.037498,0,LOW,0
19:16:43,31.9,1001.9,-76,-1004,16588,12.813996,80.037498,0,LOW,0
19:16:44,31.9,1001.9,-76,-1004,16588,12.813996,80.037498,0,LOW,0
19:16:45,31.9,1002.0,-68,-1128,16532,12.814054,80.037415,1,LOW,0
19:16:46,31.9,1002.0,-68,-1128,16532,12.814054,80.037415,1,LOW,0
19:16:47,31.9,1002.0,-68,-1128,16532,12.814054,80.037415,1,LOW,0
19:16:48,31.9,1002.0,-68,-1128,16532,12.814054,80.037415,1,LOW,0
19:16:49,31.9,1002.0,-68,-1128,16532,12.814054,80.037415,1,LOW,0
19:16:50,31.9,1002.0,-100,-1124,16640,12.814053,80.037376,1,LOW,0
19:16:51,31.9,1002.0,-100,-1124,16640,12.814053,80.037376,1,LOW,0
19:16:52,31.9,1002.0,-100,-1124,16640,12.814053,80.037376,1,LOW,0
19:16:53,31.9,1002.0,-100,-1124,16640,12.814053,80.037376,1,LOW,0
19:16:54,31.9,1002.0,-100,-1124,16640,12.814053,80.037376,1,LOW,0
19:16:55,31.9,1002.0,-40,-1084,16516,12.814046,80.037346,1,LOW,0
19:16:56,31.9,1002.0,-40,-1084,16516,12.814046,80.037346,1,LOW,0
19:16:57,31.9,1002.0,-40,-1084,16516,12.814046,80.037346,1,LOW,0
19:16:58,31.9,1002.0,-40,-1084,16516,12.814046,80.037346,1,LOW,0
19:16:59,31.9,1002.0,-40,-1084,16516,12.814046,80.037346,1,LOW,0
19:17:00,31.9,1002.0,-40,-1104,16560,12.814037,80.0373,1,LOW,0
19:17:01,31.9,1002.0,-40,-1104,16560,12.814037,80.0373,1,LOW,0
19:17:02,31.9,1002.0,-40,-1104,16560,12.814037,80.0373,1,LOW,0
19:17:03,31.9,1002.0,-40,-1104,16560,12.814037,80.0373,1,LOW,0
19:17:04,31.9,1002.0,-40,-1104,16560,12.814037,80.0373,1,LOW,0
19:17:05,32.0,1002.0,-76,-1108,16624,12.814033,80.037323,1,LOW,0
19:17:06,32.0,1002.0,-76,-1108,16624,12.814033,80.037323,1,LOW,0
19:17:07,32.0,1002.0,-76,-1108,16624,12.814033,80.037323,1,LOW,0
19:17:08,32.0,1002.0,-76,-1108,16624,12.814033,80.037323,1,LOW,0
19:17:09,32.0,1002.0,-76,-1108,16624,12.814033,80.037323,1,LOW,0
19:17:10,32.0,1002.0,-12,-1080,16608,12.814033,80.037323,0,LOW,0
19:17:11,32.0,1002.0,-12,-1080,16608,12.814033,80.037323,0,LOW,0
19:17:12,32.0,1002.0,-12,-1080,16608,12.814033,80.037323,0,LOW,0
19:17:13,32.0,1002.0,-12,-1080,16608,12.814033,80.037323,0,LOW,0
19:17:14,32.0,1002.0,-12,-1080,16608,12.814033,80.037323,0,LOW,0
19:17:15,32.0,1002.0,-68,-1104,16560,12.814033,80.037323,0,LOW,0
19:17:16,32.0,1002.0,-68,-1104,16560,12.814033,80.037323,0,LOW,0
19:17:17,32.0,1002.0,-68,-1104,16560,12.814033,80.037323,0,LOW,0
19:17:18,32.0,1002.0,-68,-1104,16560,12.814033,80.037323,0,LOW,0
19:17:19,32.0,1002.0,-68,-1104,16560,12.814033,80.037323,0,LOW,0
19:17:20,32.0,1002.0,-16,-1092,16592,12.813991,80.037292,1,LOW,0
19:17:21,32.0,1002.0,-16,-1092,16592,12.813991,80.037292,1,LOW,0
19:17:22,32.0,1002.0,-16,-1092,16592,12.813991,80.037292,1,LOW,0
19:17:23,32.0,1002.0,-16,-1092,16592,12.813991,80.037292,1,LOW,0
19:17:24,32.0,1002.0,-16,-1092,16592,12.813991,80.037292,1,LOW,0
19:17:25,32.0,1002.0,-36,-1080,16592,12.81398,80.037285,1,LOW,0
19:17:26,32.0,1002.0,-36,-1080,16592,12.81398,80.037285,1,LOW,0
19:17:27,32.0,1002.0,-36,-1080,16592,12.81398,80.037285,1,LOW,0
19:17:28,32.0,1002.0,-36,-1080,16592,12.81398,80.037285,1,LOW,0
19:17:29,32.0,1002.0,-36,-1080,16592,12.81398,80.037285,1,LOW,0
19:17:30,32.0,1002.0,-100,-1076,16600,12.81396,80.037285,1,LOW,0
19:17:31,32.0,1002.0,-100,-1076,16600,12.81396,80.037285,1,LOW,0
19:17:32,32.0,1002.0,-100,-1076,16600,12.81396,80.037285,1,LOW,0
19:17:33,32.0,1002.0,-100,-1076,16600,12.81396,80.037285,1,LOW,0
19:17:34,32.0,1002.0,-100,-1076,16600,12.81396,80.037285,1,LOW,0
19:17:35,32.0,1002.0,-72,-1052,16524,12.81396,80.0373,1,LOW,0
19:17:36,32.0,1002.0,-72,-1052,16524,12.81396,80.0373,1,LOW,0
19:17:37,32.0,1002.0,-72,-1052,16524,12.81396,80.0373,1,LOW,0
19:17:38,32.0,1002.0,-72,-1052,16524,12.81396,80.0373,1,LOW,0
19:17:39,32.0,1002.0,-72,-1052,16524,12.81396,80.0373,1,LOW,0
19:17:40,31.9,1002.0,-28,-1052,16688,12.813941,80.037323,1,LOW,0
19:17:41,31.9,1002.0,-28,-1052,16688,12.813941,80.037323,1,LOW,0
19:17:42,31.9,1002.0,-28,-1052,16688,12.813941,80.037323,1,LOW,0
19:17:43,31.9,1002.0,-28,-1052,16688,12.813941,80.037323,1,LOW,0
19:17:44,31.9,1002.0,-28,-1052,16688,12.813941,80.037323,1,LOW,0
19:17:45,31.9,1001.9,-68,-1040,16616,12.813941,80.037323,0,LOW,0
19:17:46,31.9,1001.9,-68,-1040,16616,12.813941,80.037323,0,LOW,0
19:17:47,31.9,1001.9,-68,-1040,16616,12.813941,80.037323,0,LOW,0
19:17:48,31.9,1001.9,-68,-1040,16616,12.813941,80.037323,0,LOW,0
19:17:49,31.9,1001.9,-68,-1040,16616,12.813941,80.037323,0,LOW,0
19:17:50,31.9,1002.0,-100,-1068,16504,12.813944,80.037376,1,LOW,0
19:17:51,31.9,1002.0,-100,-1068,16504,12.813944,80.037376,1,LOW,0
19:17:52,31.9,1002.0,-100,-1068,16504,12.813944,80.037376,1,LOW,0
19:17:53,31.9,1002.0,-100,-1068,16504,12.813944,80.037376,1,LOW,0
19:17:54,31.9,1002.0,-100,-1068,16504,12.813944,80.037376,1,LOW,0
19:17:55,31.9,1001.9,-100,-1100,16612,12.813946,80.037376,1,LOW,0
19:17:57,31.9,1001.9,-100,-1100,16612,12.813946,80.037376,1,LOW,0
19:17:58,31.9,1001.9,-100,-1100,16612,12.813946,80.037376,1,LOW,0
19:17:59,31.9,1001.9,-100,-1100,16612,12.813946,80.037376,1,LOW,0
19:18:00,31.9,1001.9,-100,-1100,16612,12.813946,80.037376,1,LOW,0
19:18:01,31.9,1002.0,-40,-1044,16700,12.813933,80.037422,1,LOW,0
19:18:02,31.9,1002.0,-40,-1044,16700,12.813933,80.037422,1,LOW,0
19:18:03,31.9,1002.0,-40,-1044,16700,12.813933,80.037422,1,LOW,0
19:18:04,31.9,1002.0,-40,-1044,16700,12.813933,80.037422,1,LOW,0
19:18:05,31.9,1002.0,-40,-1044,16700,12.813933,80.037422,1,LOW,0
19:18:06,31.9,1002.0,-24,-1036,16648,12.813937,80.037453,1,LOW,0
19:18:07,31.9,1002.0,-24,-1036,16648,12.813937,80.037453,1,LOW,0
19:18:08,31.9,1002.0,-24,-1036,16648,12.813937,80.037453,1,LOW,0
19:18:09,31.9,1002.0,-24,-1036,16648,12.813937,80.037453,1,LOW,0
19:18:10,31.9,1002.0,-24,-1036,16648,12.813937,80.037453,1,LOW,0
19:18:11,31.9,1002.0,-132,-1116,16616,12.813929,80.037468,1,LOW,0
19:18:12,31.9,1002.0,-132,-1116,16616,12.813929,80.037468,1,LOW,0
19:18:13,31.9,1002.0,-132,-1116,16616,12.813929,80.037468,1,LOW,0
19:18:14,31.9,1002.0,-132,-1116,16616,12.813929,80.037468,1,LOW,0
19:18:15,31.9,1002.0,-132,-1116,16616,12.813929,80.037468,1,LOW,0
19:18:16,31.9,1002.0,-124,-1060,16596,12.813929,80.037468,0,LOW,0
19:18:17,31.9,1002.0,-124,-1060,16596,12.813929,80.037468,0,LOW,0
19:18:18,31.9,1002.0,-124,-1060,16596,12.813929,80.037468,0,LOW,0
19:18:19,31.9,1002.0,-124,-1060,16596,12.813929,80.037468,0,LOW,0
19:18:20,31.9,1002.0,-124,-1060,16596,12.813929,80.037468,0,LOW,0
19:18:21,31.9,1002.0,-56,-1064,16644,12.813929,80.037468,0,LOW,0
19:18:22,31.9,1002.0,-56,-1064,16644,12.813929,80.037468,0,LOW,0
19:18:23,31.9,1002.0,-56,-1064,16644,12.813929,80.037468,0,LOW,0
19:18:24,31.9,1002.0,-56,-1064,16644,12.813929,80.037468,0,LOW,0
19:18:25,31.9,1002.0,-56,-1064,16644,12.813929,80.037468,0,LOW,0
19:18:26,31.9,1002.0,-64,-1048,16696,12.813874,80.037437,1,LOW,0
19:18:27,31.9,1002.0,-64,-1048,16696,12.813874,80.037437,1,LOW,0
19:18:28,31.9,1002.0,-64,-1048,16696,12.813874,80.037437,1,LOW,0
19:18:29,31.9,1002.0,-64,-1048,16696,12.813874,80.037437,1,LOW,0
19:18:30,31.9,1002.0,-64,-1048,16696,12.813874,80.037437,1,LOW,0
19:18:31,31.9,1002.0,-48,-1076,16596,12.813918,80.037445,1,LOW,0
19:18:32,31.9,1002.0,-48,-1076,16596,12.813918,80.037445,1,LOW,0
19:18:33,31.9,1002.0,-48,-1076,16596,12.813918,80.037445,1,LOW,0
19:18:34,31.9,1002.0,-48,-1076,16596,12.813918,80.037445,1,LOW,0
19:18:35,31.9,1002.0,-48,-1076,16596,12.813918,80.037445,1,LOW,0
19:18:36,31.9,1002.0,-44,-1044,16668,12.813938,80.037415,1,LOW,0
19:18:37,31.9,1002.0,-44,-1044,16668,12.813938,80.037415,1,LOW,0
19:18:38,31.9,1002.0,-44,-1044,16668,12.813938,80.037415,1,LOW,0
19:18:39,31.9,1002.0,-44,-1044,16668,12.813938,80.037415,1,LOW,0
19:18:40,31.9,1002.0,-44,-1044,16668,12.813938,80.037415,1,LOW,0
19:18:41,31.9,1002.0,-80,-1028,16580,12.813938,80.037415,0,LOW,0
19:18:42,31.9,1002.0,-80,-1028,16580,12.813938,80.037415,0,LOW,0
19:18:43,31.9,1002.0,-80,-1028,16580,12.813938,80.037415,0,LOW,0
19:18:44,31.9,1002.0,-80,-1028,16580,12.813938,80.037415,0,LOW,0
19:18:45,31.9,1002.0,-80,-1028,16580,12.813938,80.037415,0,LOW,0
19:18:46,31.9,1002.0,-96,-1076,16616,12.813938,80.037415,0,LOW,0
19:18:47,31.9,1002.0,-96,-1076,16616,12.813938,80.037415,0,LOW,0
19:18:48,31.9,1002.0,-96,-1076,16616,12.813938,80.037415,0,LOW,0
19:18:49,31.9,1002.0,-96,-1076,16616,12.813938,80.037415,0,LOW,0
19:18:50,31.9,1002.0,-96,-1076,16616,12.813938,80.037415,0,LOW,0
19:18:51,31.9,1002.0,-76,-1076,16552,12.813932,80.037415,1,LOW,0
19:18:52,31.9,1002.0,-76,-1076,16552,12.813932,80.037415,1,LOW,0
19:18:53,31.9,1002.0,-76,-1076,16552,12.813932,80.037415,1,LOW,0
19:18:54,31.9,1002.0,-76,-1076,16552,12.813932,80.037415,1,LOW,0
19:18:55,31.9,1002.0,-76,-1076,16552,12.813932,80.037415,1,LOW,0
19:18:56,31.9,1002.0,-68,-1056,16660,12.81396,80.037422,1,LOW,0
19:18:57,31.9,1002.0,-68,-1056,16660,12.81396,80.037422,1,LOW,0
19:18:58,31.9,1002.0,-68,-1056,16660,12.81396,80.037422,1,LOW,0
19:18:59,31.9,1002.0,-68,-1056,16660,12.81396,80.037422,1,LOW,0
19:19:00,31.9,1002.0,-68,-1056,16660,12.81396,80.037422,1,LOW,0
19:19:01,31.9,1002.0,-20,-1112,16580,12.813961,80.037407,1,LOW,0
19:19:02,31.9,1002.0,-20,-1112,16580,12.813961,80.037407,1,LOW,0
19:19:03,31.9,1002.0,-20,-1112,16580,12.813961,80.037407,1,LOW,0
19:19:04,31.9,1002.0,-20,-1112,16580,12.813961,80.037407,1,LOW,0
19:19:05,31.9,1002.0,-20,-1112,16580,12.813961,80.037407,1,LOW,0
19:19:06,31.9,1002.0,-44,-1084,16524,12.81395,80.037399,1,LOW,0
19:19:07,31.9,1002.0,-44,-1084,16524,12.81395,80.037399,1,LOW,0
19:19:08,31.9,1002.0,-44,-1084,16524,12.81395,80.037399,1,LOW,0
19:19:09,31.9,1002.0,-44,-1084,16524,12.81395,80.037399,1,LOW,0
19:19:10,31.9,1002.0,-44,-1084,16524,12.81395,80.037399,1,LOW,0
19:19:11,31.9,1002.0,-56,-1100,16544,12.813953,80.037369,1,LOW,0
19:19:12,31.9,1002.0,-56,-1100,16544,12.813953,80.037369,1,LOW,0
19:19:13,31.9,1002.0,-56,-1100,16544,12.813953,80.037369,1,LOW,0
19:19:14,31.9,1002.0,-56,-1100,16544,12.813953,80.037369,1,LOW,0
19:19:15,31.9,1002.0,-56,-1100,16544,12.813953,80.037369,1,LOW,0
19:19:16,31.9,1002.0,-44,-1108,16632,12.813953,80.037369,0,LOW,0
19:19:17,31.9,1002.0,-44,-1108,16632,12.813953,80.037369,0,LOW,0
19:19:18,31.9,1002.0,-44,-1108,16632,12.813953,80.037369,0,LOW,0
19:19:19,31.9,1002.0,-44,-1108,16632,12.813953,80.037369,0,LOW,0
19:19:20,31.9,1002.0,-44,-1108,16632,12.813953,80.037369,0,LOW,0
19:19:21,31.9,1002.0,-88,-1140,16560,12.813972,80.037399,1,LOW,0
19:19:22,31.9,1002.0,-88,-1140,16560,12.813972,80.037399,1,LOW,0
19:19:23,31.9,1002.0,-88,-1140,16560,12.813972,80.037399,1,LOW,0
19:19:24,31.9,1002.0,-88,-1140,16560,12.813972,80.037399,1,LOW,0
19:19:25,31.9,1002.0,-88,-1140,16560,12.813972,80.037399,1,LOW,0
19:19:26,31.9,1002.0,-68,-1104,16580,12.813965,80.037384,1,LOW,0
19:19:27,31.9,1002.0,-68,-1104,16580,12.813965,80.037384,1,LOW,0
19:19:28,31.9,1002.0,-68,-1104,16580,12.813965,80.037384,1,LOW,0
19:19:29,31.9,1002.0,-68,-1104,16580,12.813965,80.037384,1,LOW,0
19:19:30,31.9,1002.0,-68,-1104,16580,12.813965,80.037384,1,LOW,0
19:19:31,31.9,1002.0,-64,-1084,16624,12.813958,80.037376,1,LOW,0
19:19:32,31.9,1002.0,-64,-1084,16624,12.813958,80.037376,1,LOW,0
19:19:33,31.9,1002.0,-64,-1084,16624,12.813958,80.037376,1,LOW,0
19:19:34,31.9,1002.0,-64,-1084,16624,12.813958,80.037376,1,LOW,0
19:19:35,31.9,1002.0,-64,-1084,16624,12.813958,80.037376,1,LOW,0
19:19:36,31.9,1002.0,-60,-1052,16604,12.813957,80.037369,1,LOW,0
19:19:38,31.9,1002.0,-60,-1052,16604,12.813957,80.037369,1,LOW,0
19:19:39,31.9,1002.0,-60,-1052,16604,12.813957,80.037369,1,LOW,0
19:19:40,31.9,1002.0,-60,-1052,16604,12.813957,80.037369,1,LOW,0
19:19:41,31.9,1002.0,-60,-1052,16604,12.813957,80.037369,1,LOW,0
19:19:42,31.9,1002.0,-36,-1172,16596,12.813957,80.037376,1,LOW,0
19:19:43,31.9,1002.0,-36,-1172,16596,12.813957,80.037376,1,LOW,0
19:19:44,31.9,1002.0,-36,-1172,16596,12.813957,80.037376,1,LOW,0
19:19:45,31.9,1002.0,-36,-1172,16596,12.813957,80.037376,1,LOW,0
19:20:00,31.9,1002.1,-76,-1144,16576,12.813993,80.037659,1,LOW,0
19:20:01,31.9,1002.1,-76,-1144,16576,12.813993,80.037659,1,LOW,0
19:20:02,31.9,1002.1,-76,-1144,16576,12.813993,80.037659,1,LOW,0
19:20:03,31.9,1002.1,-76,-1144,16576,12.813993,80.037659,1,LOW,0
19:20:04,31.9,1002.1,-76,-1144,16576,12.813993,80.037659,1,LOW,0
19:20:05,31.9,1002.1,-32,-1072,16624,12.813983,80.037636,1,LOW,0
19:20:06,31.9,1002.1,-32,-1072,16624,12.813983,80.037636,1,LOW,0
19:20:07,31.9,1002.1,-32,-1072,16624,12.813983,80.037636,1,LOW,0
19:20:08,31.9,1002.1,-32,-1072,16624,12.813983,80.037636,1,LOW,0
19:20:09,31.9,1002.1,-32,-1072,16624,12.813983,80.037636,1,LOW,0
19:20:10,31.9,1002.1,-16,-1084,16572,12.813983,80.037636,0,LOW,0
19:20:11,31.9,1002.1,-16,-1084,16572,12.813983,80.037636,0,LOW,0
19:20:12,31.9,1002.1,-16,-1084,16572,12.813983,80.037636,0,LOW,0
19:20:13,31.9,1002.1,-16,-1084,16572,12.813983,80.037636,0,LOW,0
19:20:14,31.9,1002.1,-16,-1084,16572,12.813983,80.037636,0,LOW,0
19:20:15,31.9,1002.1,-40,-1132,16648,12.813983,80.037636,0,LOW,0
19:20:16,31.9,1002.1,-40,-1132,16648,12.813983,80.037636,0,LOW,0
19:20:17,31.9,1002.1,-40,-1132,16648,12.813983,80.037636,0,LOW,0
19:20:18,31.9,1002.1,-40,-1132,16648,12.813983,80.037636,0,LOW,0
19:20:19,31.9,1002.1,-40,-1132,16648,12.813983,80.037636,0,LOW,0
19:20:20,31.9,1002.1,-28,-1064,16596,12.813972,80.037575,1,LOW,0
19:20:21,31.9,1002.1,-28,-1064,16596,12.813972,80.037575,1,LOW,0
19:20:22,31.9,1002.1,-28,-1064,16596,12.813972,80.037575,1,LOW,0
19:20:23,31.9,1002.1,-28,-1064,16596,12.813972,80.037575,1,LOW,0
19:20:24,31.9,1002.1,-28,-1064,16596,12.813972,80.037575,1,LOW,0
19:20:25,31.9,1002.1,-104,-1100,16568,12.813965,80.037544,1,LOW,0
19:20:26,31.9,1002.1,-104,-1100,16568,12.813965,80.037544,1,LOW,0
19:20:27,31.9,1002.1,-104,-1100,16568,12.813965,80.037544,1,LOW,0
19:20:28,31.9,1002.1,-104,-1100,16568,12.813965,80.037544,1,LOW,0
19:20:29,31.9,1002.1,-104,-1100,16568,12.813965,80.037544,1,LOW,0
19:20:30,31.9,1002.1,-100,-1044,16680,12.813963,80.037521,1,LOW,0
19:20:31,31.9,1002.1,-100,-1044,16680,12.813963,80.037521,1,LOW,0
19:20:32,31.9,1002.1,-100,-1044,16680,12.813963,80.037521,1,LOW,0
19:20:33,31.9,1002.1,-100,-1044,16680,12.813963,80.037521,1,LOW,0
19:20:34,31.9,1002.1,-100,-1044,16680,12.813963,80.037521,1,LOW,0
19:20:35,31.9,1002.1,-108,-1084,16612,12.81396,80.037491,1,LOW,0
19:20:37,31.9,1002.1,-108,-1084,16612,12.81396,80.037491,1,LOW,0
19:20:38,31.9,1002.1,-108,-1084,16612,12.81396,80.037491,1,LOW,0
19:20:39,31.9,1002.1,-108,-1084,16612,12.81396,80.037491,1,LOW,0
19:20:40,31.9,1002.1,-108,-1084,16612,12.81396,80.037491,1,LOW,0
19:20:41,31.9,1002.1,-80,-1080,16612,12.813962,80.03746,1,LOW,0
19:20:42,31.9,1002.1,-80,-1080,16612,12.813962,80.03746,1,LOW,0
19:20:43,31.9,1002.1,-80,-1080,16612,12.813962,80.03746,1,LOW,0
19:20:44,31.9,1002.1,-80,-1080,16612,12.813962,80.03746,1,LOW,0
19:20:45,31.9,1002.1,-80,-1080,16612,12.813962,80.03746,1,LOW,0
19:20:46,31.9,1002.1,-136,-1136,16672,12.813962,80.03746,0,LOW,0
19:20:47,31.9,1002.1,-136,-1136,16672,12.813962,80.03746,0,LOW,0
19:20:48,31.9,1002.1,-136,-1136,16672,12.813962,80.03746,0,LOW,0
19:20:49,31.9,1002.1,-136,-1136,16672,12.813962,80.03746,0,LOW,0
19:20:50,31.9,1002.1,-136,-1136,16672,12.813962,80.03746,0,LOW,0
19:20:51,31.9,1002.1,-32,-1064,16584,12.813964,80.037445,1,LOW,0
19:20:52,31.9,1002.1,-32,-1064,16584,12.813964,80.037445,1,LOW,0
19:20:53,31.9,1002.1,-32,-1064,16584,12.813964,80.037445,1,LOW,0
19:20:54,31.9,1002.1,-32,-1064,16584,12.813964,80.037445,1,LOW,0
19:20:55,31.9,1002.1,-32,-1064,16584,12.813964,80.037445,1,LOW,0
19:20:56,31.9,1002.1,-84,-1096,16604,12.813961,80.03743,1,LOW,0
19:20:57,31.9,1002.1,-84,-1096,16604,12.813961,80.03743,1,LOW,0
19:20:58,31.9,1002.1,-84,-1096,16604,12.813961,80.03743,1,LOW,0
19:20:59,31.9,1002.1,-84,-1096,16604,12.813961,80.03743,1,LOW,0
19:21:00,31.9,1002.1,-84,-1096,16604,12.813961,80.03743,1,LOW,0
19:21:01,31.9,1002.1,-96,-1152,16704,12.813961,80.03743,1,LOW,0
19:21:02,31.9,1002.1,-96,-1152,16704,12.813961,80.03743,1,LOW,0
19:21:03,31.9,1002.1,-96,-1152,16704,12.813961,80.03743,1,LOW,0
19:21:04,31.9,1002.1,-96,-1152,16704,12.813961,80.03743,1,LOW,0
19:21:05,31.9,1002.1,-96,-1152,16704,12.813961,80.03743,1,LOW,0
19:21:06,31.9,1002.1,-64,-1080,16528,12.813959,80.037422,1,LOW,0
19:21:07,31.9,1002.1,-64,-1080,16528,12.813959,80.037422,1,LOW,0
19:21:08,31.9,1002.1,-64,-1080,16528,12.813959,80.037422,1,LOW,0
19:21:09,31.9,1002.1,-64,-1080,16528,12.813959,80.037422,1,LOW,0
19:21:10,31.9,1002.1,-64,-1080,16528,12.813959,80.037422,1,LOW,0
19:21:11,31.9,1002.1,-80,-1044,16596,12.813957,80.037415,1,LOW,0
19:21:12,31.9,1002.1,-80,-1044,16596,12.813957,80.037415,1,LOW,0
19:21:13,31.9,1002.1,-80,-1044,16596,12.813957,80.037415,1,LOW,0
19:21:14,31.9,1002.1,-80,-1044,16596,12.813957,80.037415,1,LOW,0
19:21:15,31.9,1002.1,-80,-1044,16596,12.813957,80.037415,1,LOW,0
19:21:16,31.9,1002.1,-68,-1120,16564,12.813957,80.037415,0,LOW,0
19:21:17,31.9,1002.1,-68,-1120,16564,12.813957,80.037415,0,LOW,0
19:21:18,31.9,1002.1,-68,-1120,16564,12.813957,80.037415,0,LOW,0
19:21:19,31.9,1002.1,-68,-1120,16564,12.813957,80.037415,0,LOW,0
19:21:20,31.9,1002.1,-68,-1120,16564,12.813957,80.037415,0,LOW,0
19:21:21,31.9,1002.1,-108,-1116,16604,12.813956,80.037422,1,LOW,0
19:21:22,31.9,1002.1,-108,-1116,16604,12.813956,80.037422,1,LOW,0
19:21:23,31.9,1002.1,-108,-1116,16604,12.813956,80.037422,1,LOW,0
19:21:24,31.9,1002.1,-108,-1116,16604,12.813956,80.037422,1,LOW,0
19:21:25,31.9,1002.1,-108,-1116,16604,12.813956,80.037422,1,LOW,0
19:21:26,31.9,1002.1,-76,-1056,16676,12.813957,80.03743,1,LOW,0
19:21:27,31.9,1002.1,-76,-1056,16676,12.813957,80.03743,1,LOW,0
19:21:28,31.9,1002.1,-76,-1056,16676,12.813957,80.03743,1,LOW,0
19:21:29,31.9,1002.1,-76,-1056,16676,12.813957,80.03743,1,LOW,0
19:21:30,31.9,1002.1,-76,-1056,16676,12.813957,80.03743,1,LOW,0
19:21:31,31.9,1002.1,-108,-1140,16636,12.813957,80.037445,1,LOW,0
19:21:32,31.9,1002.1,-108,-1140,16636,12.813957,80.037445,1,LOW,0
19:21:33,31.9,1002.1,-108,-1140,16636,12.813957,80.037445,1,LOW,0
19:21:34,31.9,1002.1,-108,-1140,16636,12.813957,80.037445,1,LOW,0
19:21:35,31.9,1002.1,-108,-1140,16636,12.813957,80.037445,1,LOW,0
19:21:36,31.9,1002.1,-80,-1116,16564,12.813959,80.037453,1,LOW,0
19:21:37,31.9,1002.1,-80,-1116,16564,12.813959,80.037453,1,LOW,0
19:21:38,31.9,1002.1,-80,-1116,16564,12.813959,80.037453,1,LOW,0
19:21:39,31.9,1002.1,-80,-1116,16564,12.813959,80.037453,1,LOW,0
19:21:40,31.9,1002.1,-80,-1116,16564,12.813959,80.037453,1,LOW,0
19:21:41,31.9,1002.1,-76,-1092,16612,12.81396,80.037468,1,LOW,0
19:21:42,31.9,1002.1,-76,-1092,16612,12.81396,80.037468,1,LOW,0
19:21:43,31.9,1002.1,-76,-1092,16612,12.81396,80.037468,1,LOW,0
19:21:44,31.9,1002.1,-76,-1092,16612,12.81396,80.037468,1,LOW,0
19:21:45,31.9,1002.1,-76,-1092,16612,12.81396,80.037468,1,LOW,0
19:21:46,31.9,1002.1,-84,-1128,16564,12.813958,80.037476,1,LOW,0
19:21:47,31.9,1002.1,-84,-1128,16564,12.813958,80.037476,1,LOW,0
19:21:48,31.9,1002.1,-84,-1128,16564,12.813958,80.037476,1,LOW,0
19:21:49,31.9,1002.1,-84,-1128,16564,12.813958,80.037476,1,LOW,0
19:21:50,31.9,1002.1,-84,-1128,16564,12.813958,80.037476,1,LOW,0
19:21:51,31.9,1002.1,-44,-1112,16640,12.813958,80.037476,0,LOW,0
19:21:52,31.9,1002.1,-44,-1112,16640,12.813958,80.037476,0,LOW,0
19:21:53,31.9,1002.1,-44,-1112,16640,12.813958,80.037476,0,LOW,0
19:21:54,31.9,1002.1,-44,-1112,16640,12.813958,80.037476,0,LOW,0
19:21:55,31.9,1002.1,-44,-1112,16640,12.813958,80.037476,0,LOW,0
19:21:56,31.9,1002.1,-56,-1132,16660,12.813947,80.037514,1,LOW,0
19:21:57,31.9,1002.1,-56,-1132,16660,12.813947,80.037514,1,LOW,0
19:21:58,31.9,1002.1,-56,-1132,16660,12.813947,80.037514,1,LOW,0
19:21:59,31.9,1002.1,-56,-1132,16660,12.813947,80.037514,1,LOW,0
19:22:00,31.9,1002.1,-56,-1132,16660,12.813947,80.037514,1,LOW,0
19:22:01,31.9,1002.1,-88,-1152,16612,12.813946,80.037514,1,LOW,0
19:22:02,31.9,1002.1,-88,-1152,16612,12.813946,80.037514,1,LOW,0
19:22:03,31.9,1002.1,-88,-1152,16612,12.813946,80.037514,1,LOW,0
19:22:04,31.9,1002.1,-88,-1152,16612,12.813946,80.037514,1,LOW,0
19:22:05,31.9,1002.1,-88,-1152,16612,12.813946,80.037514,1,LOW,0
19:22:06,31.9,1002.1,-112,-1136,16608,12.813945,80.037521,1,LOW,0
19:22:08,31.9,1002.1,-112,-1136,16608,12.813945,80.037521,1,LOW,0
19:22:09,31.9,1002.1,-112,-1136,16608,12.813945,80.037521,1,LOW,0
19:22:10,31.9,1002.1,-112,-1136,16608,12.813945,80.037521,1,LOW,0
19:22:11,31.9,1002.1,-112,-1136,16608,12.813945,80.037521,1,LOW,0
19:22:12,31.9,1002.1,-32,-1088,16704,12.813949,80.037537,1,LOW,0
19:22:13,31.9,1002.1,-32,-1088,16704,12.813949,80.037537,1,LOW,0
19:22:14,31.9,1002.1,-32,-1088,16704,12.813949,80.037537,1,LOW,0
19:22:15,31.9,1002.1,-32,-1088,16704,12.813949,80.037537,1,LOW,0
19:22:16,31.9,1002.1,-32,-1088,16704,12.813949,80.037537,1,LOW,0
19:22:17,31.9,1002.1,-56,-1080,16620,12.813951,80.037537,1,LOW,0
19:22:18,31.9,1002.1,-56,-1080,16620,12.813951,80.037537,1,LOW,0
19:22:19,31.9,1002.1,-56,-1080,16620,12.813951,80.037537,1,LOW,0
19:22:20,31.9,1002.1,-56,-1080,16620,12.813951,80.037537,1,LOW,0
19:22:21,31.9,1002.1,-56,-1080,16620,12.813951,80.037537,1,LOW,0
19:22:22,31.9,1002.1,-76,-1100,16532,12.813951,80.037537,0,LOW,0
19:22:23,31.9,1002.1,-76,-1100,16532,12.813951,80.037537,0,LOW,0
19:22:24,31.9,1002.1,-76,-1100,16532,12.813951,80.037537,0,LOW,0
19:22:25,31.9,1002.1,-76,-1100,16532,12.813951,80.037537,0,LOW,0
19:22:26,31.9,1002.1,-76,-1100,16532,12.813951,80.037537,0,LOW,0
19:22:27,31.9,1002.1,-56,-1072,16560,12.813959,80.037514,1,LOW,0
19:22:28,31.9,1002.1,-56,-1072,16560,12.813959,80.037514,1,LOW,0
